Country Name,Country Code,Series Name,Series Code,2022 [YR2022]
Afghanistan,AFG,"Population, total",SP.POP.TOTL,41128771
Afghanistan,AFG,Rural population (% of total population),SP.RUR.TOTL.ZS,73.384
Afghanistan,AFG,"Mortality rate, under-5 (per 1,000)",SH.DYN.MORT,57.7
Africa Eastern and Southern,AFE,"Population, total",SP.POP.TOTL,720859132
Africa Eastern and Southern,AFE,Rural population (% of total population),SP.RUR.TOTL.ZS,62.174841921506
Africa Eastern and Southern,AFE,"Mortality rate, under-5 (per 1,000)",SH.DYN.MORT,55.3245370266354
Africa Western and Central,AFW,"Population, total",SP.POP.TOTL,490330870
Africa Western and Central,AFW,Rural population (% of total population),SP.RUR.TOTL.ZS,50.9526154513686
Africa Western and Central,AFW,"Mortality rate, under-5 (per 1,000)",SH.DYN.MORT,91.6034457566494
Albania,ALB,"Population, total",SP.POP.TOTL,2777689
Albania,ALB,Rural population (% of total population),SP.RUR.TOTL.ZS,36.201
Albania,ALB,"Mortality rate, under-5 (per 1,000)",SH.DYN.MORT,9.4
Algeria,DZA,"Population, total",SP.POP.TOTL,44903225
Algeria,DZA,Rural population (% of total population),SP.RUR.TOTL.ZS,25.228
Algeria,DZA,"Mortality rate, under-5 (per 1,000)",SH.DYN.MORT,21.8
American Samoa,ASM,"Population, total",SP.POP.TOTL,44273
American Samoa,ASM,Rural population (% of total population),SP.RUR.TOTL.ZS,12.804
American Samoa,ASM,"Mortality rate, under-5 (per 1,000)",SH.DYN.MORT,..
Andorra,AND,"Population, total",SP.POP.TOTL,79824
Andorra,AND,Rural population (% of total population),SP.RUR.TOTL.ZS,12.189
Andorra,AND,"Mortality rate, under-5 (per 1,000)",SH.DYN.MORT,2.7
Angola,AGO,"Population, total",SP.POP.TOTL,35588987
Angola,AGO,Rural population (% of total population),SP.RUR.TOTL.ZS,31.919
Angola,AGO,"Mortality rate, under-5 (per 1,000)",SH.DYN.MORT,66.9
Antigua and Barbuda,ATG,"Population, total",SP.POP.TOTL,93763
Antigua and Barbuda,ATG,Rural population (% of total population),SP.RUR.TOTL.ZS,75.654
Antigua and Barbuda,ATG,"Mortality rate, under-5 (per 1,000)",SH.DYN.MORT,9.5
Arab World,ARB,"Population, total",SP.POP.TOTL,464684914
Arab World,ARB,Rural population (% of total population),SP.RUR.TOTL.ZS,40.4425293479745
Arab World,ARB,"Mortality rate, under-5 (per 1,000)",SH.DYN.MORT,31.3837827888926
Argentina,ARG,"Population, total",SP.POP.TOTL,46234830
Argentina,ARG,Rural population (% of total population),SP.RUR.TOTL.ZS,7.65300000000001
Argentina,ARG,"Mortality rate, under-5 (per 1,000)",SH.DYN.MORT,9.4
Armenia,ARM,"Population, total",SP.POP.TOTL,2780469
Armenia,ARM,Rural population (% of total population),SP.RUR.TOTL.ZS,36.427
Armenia,ARM,"Mortality rate, under-5 (per 1,000)",SH.DYN.MORT,10.3
Aruba,ABW,"Population, total",SP.POP.TOTL,106445
Aruba,ABW,Rural population (% of total population),SP.RUR.TOTL.ZS,55.948
Aruba,ABW,"Mortality rate, under-5 (per 1,000)",SH.DYN.MORT,..
Australia,AUS,"Population, total",SP.POP.TOTL,26005540
Australia,AUS,Rural population (% of total population),SP.RUR.TOTL.ZS,13.512
Australia,AUS,"Mortality rate, under-5 (per 1,000)",SH.DYN.MORT,3.8
Austria,AUT,"Population, total",SP.POP.TOTL,9041851
Austria,AUT,Rural population (% of total population),SP.RUR.TOTL.ZS,40.744
Austria,AUT,"Mortality rate, under-5 (per 1,000)",SH.DYN.MORT,3.2
Azerbaijan,AZE,"Population, total",SP.POP.TOTL,10141756
Azerbaijan,AZE,Rural population (% of total population),SP.RUR.TOTL.ZS,42.83
Azerbaijan,AZE,"Mortality rate, under-5 (per 1,000)",SH.DYN.MORT,18.1
"Bahamas, The",BHS,"Population, total",SP.POP.TOTL,409984
"Bahamas, The",BHS,Rural population (% of total population),SP.RUR.TOTL.ZS,16.508
"Bahamas, The",BHS,"Mortality rate, under-5 (per 1,000)",SH.DYN.MORT,12.9
Bahrain,BHR,"Population, total",SP.POP.TOTL,1472233
Bahrain,BHR,Rural population (% of total population),SP.RUR.TOTL.ZS,10.257
Bahrain,BHR,"Mortality rate, under-5 (per 1,000)",SH.DYN.MORT,6.5
Bangladesh,BGD,"Population, total",SP.POP.TOTL,171186372
Bangladesh,BGD,Rural population (% of total population),SP.RUR.TOTL.ZS,60.289
Bangladesh,BGD,"Mortality rate, under-5 (per 1,000)",SH.DYN.MORT,28.8
Barbados,BRB,"Population, total",SP.POP.TOTL,281635
Barbados,BRB,Rural population (% of total population),SP.RUR.TOTL.ZS,68.676
Barbados,BRB,"Mortality rate, under-5 (per 1,000)",SH.DYN.MORT,10.9
Belarus,BLR,"Population, total",SP.POP.TOTL,9228071
Belarus,BLR,Rural population (% of total population),SP.RUR.TOTL.ZS,19.674
Belarus,BLR,"Mortality rate, under-5 (per 1,000)",SH.DYN.MORT,2.6
Belgium,BEL,"Population, total",SP.POP.TOTL,11685814
Belgium,BEL,Rural population (% of total population),SP.RUR.TOTL.ZS,1.84699999999999
Belgium,BEL,"Mortality rate, under-5 (per 1,000)",SH.DYN.MORT,3.7
Belize,BLZ,"Population, total",SP.POP.TOTL,405272
Belize,BLZ,Rural population (% of total population),SP.RUR.TOTL.ZS,53.604
Belize,BLZ,"Mortality rate, under-5 (per 1,000)",SH.DYN.MORT,10.9
Benin,BEN,"Population, total",SP.POP.TOTL,13352864
Benin,BEN,Rural population (% of total population),SP.RUR.TOTL.ZS,50.466
Benin,BEN,"Mortality rate, under-5 (per 1,000)",SH.DYN.MORT,80.8
Bermuda,BMU,"Population, total",SP.POP.TOTL,63532
Bermuda,BMU,Rural population (% of total population),SP.RUR.TOTL.ZS,0
Bermuda,BMU,"Mortality rate, under-5 (per 1,000)",SH.DYN.MORT,..
Bhutan,BTN,"Population, total",SP.POP.TOTL,782455
Bhutan,BTN,Rural population (% of total population),SP.RUR.TOTL.ZS,56.314
Bhutan,BTN,"Mortality rate, under-5 (per 1,000)",SH.DYN.MORT,23.7
Bolivia,BOL,"Population, total",SP.POP.TOTL,12224110
Bolivia,BOL,Rural population (% of total population),SP.RUR.TOTL.ZS,29.17
Bolivia,BOL,"Mortality rate, under-5 (per 1,000)",SH.DYN.MORT,23.9
Bosnia and Herzegovina,BIH,"Population, total",SP.POP.TOTL,3233526
Bosnia and Herzegovina,BIH,Rural population (% of total population),SP.RUR.TOTL.ZS,50.159
Bosnia and Herzegovina,BIH,"Mortality rate, under-5 (per 1,000)",SH.DYN.MORT,6
Botswana,BWA,"Population, total",SP.POP.TOTL,2630296
Botswana,BWA,Rural population (% of total population),SP.RUR.TOTL.ZS,27.776
Botswana,BWA,"Mortality rate, under-5 (per 1,000)",SH.DYN.MORT,38.7
Brazil,BRA,"Population, total",SP.POP.TOTL,215313498
Brazil,BRA,Rural population (% of total population),SP.RUR.TOTL.ZS,12.445
Brazil,BRA,"Mortality rate, under-5 (per 1,000)",SH.DYN.MORT,14
British Virgin Islands,VGB,"Population, total",SP.POP.TOTL,31305
British Virgin Islands,VGB,Rural population (% of total population),SP.RUR.TOTL.ZS,50.669
British Virgin Islands,VGB,"Mortality rate, under-5 (per 1,000)",SH.DYN.MORT,13.1
Brunei Darussalam,BRN,"Population, total",SP.POP.TOTL,449002
Brunei Darussalam,BRN,Rural population (% of total population),SP.RUR.TOTL.ZS,21.146
Brunei Darussalam,BRN,"Mortality rate, under-5 (per 1,000)",SH.DYN.MORT,9.7
Bulgaria,BGR,"Population, total",SP.POP.TOTL,6465097
Bulgaria,BGR,Rural population (% of total population),SP.RUR.TOTL.ZS,23.637
Bulgaria,BGR,"Mortality rate, under-5 (per 1,000)",SH.DYN.MORT,6.1
Burkina Faso,BFA,"Population, total",SP.POP.TOTL,22673762
Burkina Faso,BFA,Rural population (% of total population),SP.RUR.TOTL.ZS,68.123
Burkina Faso,BFA,"Mortality rate, under-5 (per 1,000)",SH.DYN.MORT,78.8
Burundi,BDI,"Population, total",SP.POP.TOTL,12889576
Burundi,BDI,Rural population (% of total population),SP.RUR.TOTL.ZS,85.583
Burundi,BDI,"Mortality rate, under-5 (per 1,000)",SH.DYN.MORT,50.5
Cabo Verde,CPV,"Population, total",SP.POP.TOTL,593149
Cabo Verde,CPV,Rural population (% of total population),SP.RUR.TOTL.ZS,32.455
Cabo Verde,CPV,"Mortality rate, under-5 (per 1,000)",SH.DYN.MORT,12.3
Cambodia,KHM,"Population, total",SP.POP.TOTL,16767842
Cambodia,KHM,Rural population (% of total population),SP.RUR.TOTL.ZS,74.886
Cambodia,KHM,"Mortality rate, under-5 (per 1,000)",SH.DYN.MORT,23.7
Cameroon,CMR,"Population, total",SP.POP.TOTL,27914536
Cameroon,CMR,Rural population (% of total population),SP.RUR.TOTL.ZS,41.267
Cameroon,CMR,"Mortality rate, under-5 (per 1,000)",SH.DYN.MORT,69.8
Canada,CAN,"Population, total",SP.POP.TOTL,38929902
Canada,CAN,Rural population (% of total population),SP.RUR.TOTL.ZS,18.248
Canada,CAN,"Mortality rate, under-5 (per 1,000)",SH.DYN.MORT,4.9
Caribbean small states,CSS,"Population, total",SP.POP.TOTL,7505478
Caribbean small states,CSS,Rural population (% of total population),SP.RUR.TOTL.ZS,48.016083275842
Caribbean small states,CSS,"Mortality rate, under-5 (per 1,000)",SH.DYN.MORT,17.9552197994112
Cayman Islands,CYM,"Population, total",SP.POP.TOTL,68706
Cayman Islands,CYM,Rural population (% of total population),SP.RUR.TOTL.ZS,0
Cayman Islands,CYM,"Mortality rate, under-5 (per 1,000)",SH.DYN.MORT,..
Central African Republic,CAF,"Population, total",SP.POP.TOTL,5579144
Central African Republic,CAF,Rural population (% of total population),SP.RUR.TOTL.ZS,56.88
Central African Republic,CAF,"Mortality rate, under-5 (per 1,000)",SH.DYN.MORT,96.8
Central Europe and the Baltics,CEB,"Population, total",SP.POP.TOTL,100108221
Central Europe and the Baltics,CEB,Rural population (% of total population),SP.RUR.TOTL.ZS,37.1602500664856
Central Europe and the Baltics,CEB,"Mortality rate, under-5 (per 1,000)",SH.DYN.MORT,4.72115746949245
Chad,TCD,"Population, total",SP.POP.TOTL,17723315
Chad,TCD,Rural population (% of total population),SP.RUR.TOTL.ZS,75.937
Chad,TCD,"Mortality rate, under-5 (per 1,000)",SH.DYN.MORT,102.9
Channel Islands,CHI,"Population, total",SP.POP.TOTL,174079
Channel Islands,CHI,Rural population (% of total population),SP.RUR.TOTL.ZS,68.923
Channel Islands,CHI,"Mortality rate, under-5 (per 1,000)",SH.DYN.MORT,..
Chile,CHL,"Population, total",SP.POP.TOTL,19603733
Chile,CHL,Rural population (% of total population),SP.RUR.TOTL.ZS,12.088
Chile,CHL,"Mortality rate, under-5 (per 1,000)",SH.DYN.MORT,6.3
China,CHN,"Population, total",SP.POP.TOTL,1412175000
China,CHN,Rural population (% of total population),SP.RUR.TOTL.ZS,36.44
China,CHN,"Mortality rate, under-5 (per 1,000)",SH.DYN.MORT,6.6
Colombia,COL,"Population, total",SP.POP.TOTL,51874024
Colombia,COL,Rural population (% of total population),SP.RUR.TOTL.ZS,17.95
Colombia,COL,"Mortality rate, under-5 (per 1,000)",SH.DYN.MORT,12.4
Comoros,COM,"Population, total",SP.POP.TOTL,836774
Comoros,COM,Rural population (% of total population),SP.RUR.TOTL.ZS,70.136
Comoros,COM,"Mortality rate, under-5 (per 1,000)",SH.DYN.MORT,48.2
"Congo, Dem. Rep.",COD,"Population, total",SP.POP.TOTL,99010212
"Congo, Dem. Rep.",COD,Rural population (% of total population),SP.RUR.TOTL.ZS,53.163
"Congo, Dem. Rep.",COD,"Mortality rate, under-5 (per 1,000)",SH.DYN.MORT,75.6
"Congo, Rep.",COG,"Population, total",SP.POP.TOTL,5970424
"Congo, Rep.",COG,Rural population (% of total population),SP.RUR.TOTL.ZS,31.264
"Congo, Rep.",COG,"Mortality rate, under-5 (per 1,000)",SH.DYN.MORT,41.6
Costa Rica,CRI,"Population, total",SP.POP.TOTL,5180829
Costa Rica,CRI,Rural population (% of total population),SP.RUR.TOTL.ZS,17.958
Costa Rica,CRI,"Mortality rate, under-5 (per 1,000)",SH.DYN.MORT,7.7
Cote d'Ivoire,CIV,"Population, total",SP.POP.TOTL,28160542
Cote d'Ivoire,CIV,Rural population (% of total population),SP.RUR.TOTL.ZS,47.339
Cote d'Ivoire,CIV,"Mortality rate, under-5 (per 1,000)",SH.DYN.MORT,69.4
Croatia,HRV,"Population, total",SP.POP.TOTL,3855600
Croatia,HRV,Rural population (% of total population),SP.RUR.TOTL.ZS,41.781
Croatia,HRV,"Mortality rate, under-5 (per 1,000)",SH.DYN.MORT,4.6
Cuba,CUB,"Population, total",SP.POP.TOTL,11212191
Cuba,CUB,Rural population (% of total population),SP.RUR.TOTL.ZS,22.599
Cuba,CUB,"Mortality rate, under-5 (per 1,000)",SH.DYN.MORT,8
Curacao,CUW,"Population, total",SP.POP.TOTL,149996
Curacao,CUW,Rural population (% of total population),SP.RUR.TOTL.ZS,10.975
Curacao,CUW,"Mortality rate, under-5 (per 1,000)",SH.DYN.MORT,..
Cyprus,CYP,"Population, total",SP.POP.TOTL,1251488
Cyprus,CYP,Rural population (% of total population),SP.RUR.TOTL.ZS,33.089
Cyprus,CYP,"Mortality rate, under-5 (per 1,000)",SH.DYN.MORT,3.5
Czechia,CZE,"Population, total",SP.POP.TOTL,10672118
Czechia,CZE,Rural population (% of total population),SP.RUR.TOTL.ZS,25.623
Czechia,CZE,"Mortality rate, under-5 (per 1,000)",SH.DYN.MORT,2.6
Denmark,DNK,"Population, total",SP.POP.TOTL,5903037
Denmark,DNK,Rural population (% of total population),SP.RUR.TOTL.ZS,11.633
Denmark,DNK,"Mortality rate, under-5 (per 1,000)",SH.DYN.MORT,3.5
Djibouti,DJI,"Population, total",SP.POP.TOTL,1120849
Djibouti,DJI,Rural population (% of total population),SP.RUR.TOTL.ZS,21.62
Djibouti,DJI,"Mortality rate, under-5 (per 1,000)",SH.DYN.MORT,51.9
Dominica,DMA,"Population, total",SP.POP.TOTL,72737
Dominica,DMA,Rural population (% of total population),SP.RUR.TOTL.ZS,28.3
Dominica,DMA,"Mortality rate, under-5 (per 1,000)",SH.DYN.MORT,32.2
Dominican Republic,DOM,"Population, total",SP.POP.TOTL,11228821
Dominican Republic,DOM,Rural population (% of total population),SP.RUR.TOTL.ZS,16.152
Dominican Republic,DOM,"Mortality rate, under-5 (per 1,000)",SH.DYN.MORT,32.4
Early-demographic dividend,EAR,"Population, total",SP.POP.TOTL,3447398652
Early-demographic dividend,EAR,Rural population (% of total population),SP.RUR.TOTL.ZS,53.3002613813484
Early-demographic dividend,EAR,"Mortality rate, under-5 (per 1,000)",SH.DYN.MORT,30.8114113332823
East Asia & Pacific,EAS,"Population, total",SP.POP.TOTL,2375162207
East Asia & Pacific,EAS,Rural population (% of total population),SP.RUR.TOTL.ZS,37.7645681219607
East Asia & Pacific,EAS,"Mortality rate, under-5 (per 1,000)",SH.DYN.MORT,14.5
East Asia & Pacific (excluding high income),EAP,"Population, total",SP.POP.TOTL,2129112126
East Asia & Pacific (excluding high income),EAP,Rural population (% of total population),SP.RUR.TOTL.ZS,40.7736851704131
East Asia & Pacific (excluding high income),EAP,"Mortality rate, under-5 (per 1,000)",SH.DYN.MORT,15.3251794199727
East Asia & Pacific (IDA & IBRD countries),TEA,"Population, total",SP.POP.TOTL,2103055378
East Asia & Pacific (IDA & IBRD countries),TEA,Rural population (% of total population),SP.RUR.TOTL.ZS,40.8191768001503
East Asia & Pacific (IDA & IBRD countries),TEA,"Mortality rate, under-5 (per 1,000)",SH.DYN.MORT,15.2995736072457
Ecuador,ECU,"Population, total",SP.POP.TOTL,18001000
Ecuador,ECU,Rural population (% of total population),SP.RUR.TOTL.ZS,35.43
Ecuador,ECU,"Mortality rate, under-5 (per 1,000)",SH.DYN.MORT,12.2
"Egypt, Arab Rep.",EGY,"Population, total",SP.POP.TOTL,110990103
"Egypt, Arab Rep.",EGY,Rural population (% of total population),SP.RUR.TOTL.ZS,57.033
"Egypt, Arab Rep.",EGY,"Mortality rate, under-5 (per 1,000)",SH.DYN.MORT,18.1
El Salvador,SLV,"Population, total",SP.POP.TOTL,6336392
El Salvador,SLV,Rural population (% of total population),SP.RUR.TOTL.ZS,25.233
El Salvador,SLV,"Mortality rate, under-5 (per 1,000)",SH.DYN.MORT,11.9
Equatorial Guinea,GNQ,"Population, total",SP.POP.TOTL,1674908
Equatorial Guinea,GNQ,Rural population (% of total population),SP.RUR.TOTL.ZS,25.99
Equatorial Guinea,GNQ,"Mortality rate, under-5 (per 1,000)",SH.DYN.MORT,73.4
Eritrea,ERI,"Population, total",SP.POP.TOTL,3684032
Eritrea,ERI,Rural population (% of total population),SP.RUR.TOTL.ZS,57.375
Eritrea,ERI,"Mortality rate, under-5 (per 1,000)",SH.DYN.MORT,36.6
Estonia,EST,"Population, total",SP.POP.TOTL,1348840
Estonia,EST,Rural population (% of total population),SP.RUR.TOTL.ZS,30.391
Estonia,EST,"Mortality rate, under-5 (per 1,000)",SH.DYN.MORT,1.9
Eswatini,SWZ,"Population, total",SP.POP.TOTL,1201670
Eswatini,SWZ,Rural population (% of total population),SP.RUR.TOTL.ZS,75.424
Eswatini,SWZ,"Mortality rate, under-5 (per 1,000)",SH.DYN.MORT,50
Ethiopia,ETH,"Population, total",SP.POP.TOTL,123379924
Ethiopia,ETH,Rural population (% of total population),SP.RUR.TOTL.ZS,77.339
Ethiopia,ETH,"Mortality rate, under-5 (per 1,000)",SH.DYN.MORT,46.2
Euro area,EMU,"Population, total",SP.POP.TOTL,348331511
Euro area,EMU,Rural population (% of total population),SP.RUR.TOTL.ZS,22.2803487842591
Euro area,EMU,"Mortality rate, under-5 (per 1,000)",SH.DYN.MORT,3.51789091482992
Europe & Central Asia,ECS,"Population, total",SP.POP.TOTL,920375568
Europe & Central Asia,ECS,Rural population (% of total population),SP.RUR.TOTL.ZS,26.9424662939825
Europe & Central Asia,ECS,"Mortality rate, under-5 (per 1,000)",SH.DYN.MORT,7.5
Europe & Central Asia (excluding high income),ECA,"Population, total",SP.POP.TOTL,397824705
Europe & Central Asia (excluding high income),ECA,Rural population (% of total population),SP.RUR.TOTL.ZS,31.6652724601346
Europe & Central Asia (excluding high income),ECA,"Mortality rate, under-5 (per 1,000)",SH.DYN.MORT,10.8421825184764
Europe & Central Asia (IDA & IBRD countries),TEC,"Population, total",SP.POP.TOTL,457549063
Europe & Central Asia (IDA & IBRD countries),TEC,Rural population (% of total population),SP.RUR.TOTL.ZS,32.9919599781523
Europe & Central Asia (IDA & IBRD countries),TEC,"Mortality rate, under-5 (per 1,000)",SH.DYN.MORT,10.2792293835648
European Union,EUU,"Population, total",SP.POP.TOTL,447370510
European Union,EUU,Rural population (% of total population),SP.RUR.TOTL.ZS,24.5345522106877
European Union,EUU,"Mortality rate, under-5 (per 1,000)",SH.DYN.MORT,3.74811759840783
Faroe Islands,FRO,"Population, total",SP.POP.TOTL,53090
Faroe Islands,FRO,Rural population (% of total population),SP.RUR.TOTL.ZS,57.221
Faroe Islands,FRO,"Mortality rate, under-5 (per 1,000)",SH.DYN.MORT,..
Fiji,FJI,"Population, total",SP.POP.TOTL,929766
Fiji,FJI,Rural population (% of total population),SP.RUR.TOTL.ZS,41.771
Fiji,FJI,"Mortality rate, under-5 (per 1,000)",SH.DYN.MORT,28.2
Finland,FIN,"Population, total",SP.POP.TOTL,5556106
Finland,FIN,Rural population (% of total population),SP.RUR.TOTL.ZS,14.319
Finland,FIN,"Mortality rate, under-5 (per 1,000)",SH.DYN.MORT,2.3
Fragile and conflict affected situations,FCS,"Population, total",SP.POP.TOTL,1019139254
Fragile and conflict affected situations,FCS,Rural population (% of total population),SP.RUR.TOTL.ZS,55.663998594772
Fragile and conflict affected situations,FCS,"Mortality rate, under-5 (per 1,000)",SH.DYN.MORT,72.8298999490343
France,FRA,"Population, total",SP.POP.TOTL,67971311
France,FRA,Rural population (% of total population),SP.RUR.TOTL.ZS,18.491
France,FRA,"Mortality rate, under-5 (per 1,000)",SH.DYN.MORT,4.1
French Polynesia,PYF,"Population, total",SP.POP.TOTL,306279
French Polynesia,PYF,Rural population (% of total population),SP.RUR.TOTL.ZS,37.83
French Polynesia,PYF,"Mortality rate, under-5 (per 1,000)",SH.DYN.MORT,..
Gabon,GAB,"Population, total",SP.POP.TOTL,2388992
Gabon,GAB,Rural population (% of total population),SP.RUR.TOTL.ZS,9.265
Gabon,GAB,"Mortality rate, under-5 (per 1,000)",SH.DYN.MORT,38.8
"Gambia, The",GMB,"Population, total",SP.POP.TOTL,2705992
"Gambia, The",GMB,Rural population (% of total population),SP.RUR.TOTL.ZS,36.148
"Gambia, The",GMB,"Mortality rate, under-5 (per 1,000)",SH.DYN.MORT,45.6
Georgia,GEO,"Population, total",SP.POP.TOTL,3712502
Georgia,GEO,Rural population (% of total population),SP.RUR.TOTL.ZS,39.703
Georgia,GEO,"Mortality rate, under-5 (per 1,000)",SH.DYN.MORT,9.3
Germany,DEU,"Population, total",SP.POP.TOTL,83797985
Germany,DEU,Rural population (% of total population),SP.RUR.TOTL.ZS,22.352
Germany,DEU,"Mortality rate, under-5 (per 1,000)",SH.DYN.MORT,3.6
Ghana,GHA,"Population, total",SP.POP.TOTL,33475870
Ghana,GHA,Rural population (% of total population),SP.RUR.TOTL.ZS,41.385
Ghana,GHA,"Mortality rate, under-5 (per 1,000)",SH.DYN.MORT,42.3
Gibraltar,GIB,"Population, total",SP.POP.TOTL,32649
Gibraltar,GIB,Rural population (% of total population),SP.RUR.TOTL.ZS,0
Gibraltar,GIB,"Mortality rate, under-5 (per 1,000)",SH.DYN.MORT,..
Greece,GRC,"Population, total",SP.POP.TOTL,10426919
Greece,GRC,Rural population (% of total population),SP.RUR.TOTL.ZS,19.643
Greece,GRC,"Mortality rate, under-5 (per 1,000)",SH.DYN.MORT,3.9
Greenland,GRL,"Population, total",SP.POP.TOTL,56661
Greenland,GRL,Rural population (% of total population),SP.RUR.TOTL.ZS,12.273
Greenland,GRL,"Mortality rate, under-5 (per 1,000)",SH.DYN.MORT,..
Grenada,GRD,"Population, total",SP.POP.TOTL,125438
Grenada,GRD,Rural population (% of total population),SP.RUR.TOTL.ZS,63.132
Grenada,GRD,"Mortality rate, under-5 (per 1,000)",SH.DYN.MORT,16
Guam,GUM,"Population, total",SP.POP.TOTL,171774
Guam,GUM,Rural population (% of total population),SP.RUR.TOTL.ZS,4.90900000000001
Guam,GUM,"Mortality rate, under-5 (per 1,000)",SH.DYN.MORT,..
Guatemala,GTM,"Population, total",SP.POP.TOTL,17357886
Guatemala,GTM,Rural population (% of total population),SP.RUR.TOTL.ZS,47.334
Guatemala,GTM,"Mortality rate, under-5 (per 1,000)",SH.DYN.MORT,22.1
Guinea,GIN,"Population, total",SP.POP.TOTL,13859341
Guinea,GIN,Rural population (% of total population),SP.RUR.TOTL.ZS,62.332
Guinea,GIN,"Mortality rate, under-5 (per 1,000)",SH.DYN.MORT,96
Guinea-Bissau,GNB,"Population, total",SP.POP.TOTL,2105566
Guinea-Bissau,GNB,Rural population (% of total population),SP.RUR.TOTL.ZS,54.959
Guinea-Bissau,GNB,"Mortality rate, under-5 (per 1,000)",SH.DYN.MORT,71.9
Guyana,GUY,"Population, total",SP.POP.TOTL,808726
Guyana,GUY,Rural population (% of total population),SP.RUR.TOTL.ZS,72.978
Guyana,GUY,"Mortality rate, under-5 (per 1,000)",SH.DYN.MORT,26.6
Haiti,HTI,"Population, total",SP.POP.TOTL,11584996
Haiti,HTI,Rural population (% of total population),SP.RUR.TOTL.ZS,41.18
Haiti,HTI,"Mortality rate, under-5 (per 1,000)",SH.DYN.MORT,56.5
Heavily indebted poor countries (HIPC),HPC,"Population, total",SP.POP.TOTL,884288332
Heavily indebted poor countries (HIPC),HPC,Rural population (% of total population),SP.RUR.TOTL.ZS,61.9878761037865
Heavily indebted poor countries (HIPC),HPC,"Mortality rate, under-5 (per 1,000)",SH.DYN.MORT,62.6502977847266
High income,HIC,"Population, total",SP.POP.TOTL,1244364814
High income,HIC,Rural population (% of total population),SP.RUR.TOTL.ZS,18.3636163391687
High income,HIC,"Mortality rate, under-5 (per 1,000)",SH.DYN.MORT,4.8
Honduras,HND,"Population, total",SP.POP.TOTL,10432860
Honduras,HND,Rural population (% of total population),SP.RUR.TOTL.ZS,40.4
Honduras,HND,"Mortality rate, under-5 (per 1,000)",SH.DYN.MORT,16
"Hong Kong SAR, China",HKG,"Population, total",SP.POP.TOTL,7346100
"Hong Kong SAR, China",HKG,Rural population (% of total population),SP.RUR.TOTL.ZS,0
"Hong Kong SAR, China",HKG,"Mortality rate, under-5 (per 1,000)",SH.DYN.MORT,..
Hungary,HUN,"Population, total",SP.POP.TOTL,9643048
Hungary,HUN,Rural population (% of total population),SP.RUR.TOTL.ZS,27.448
Hungary,HUN,"Mortality rate, under-5 (per 1,000)",SH.DYN.MORT,4
IBRD only,IBD,"Population, total",SP.POP.TOTL,..
IBRD only,IBD,Rural population (% of total population),SP.RUR.TOTL.ZS,..
IBRD only,IBD,"Mortality rate, under-5 (per 1,000)",SH.DYN.MORT,..
Iceland,ISL,"Population, total",SP.POP.TOTL,382003
Iceland,ISL,Rural population (% of total population),SP.RUR.TOTL.ZS,6.008
Iceland,ISL,"Mortality rate, under-5 (per 1,000)",SH.DYN.MORT,2.6
IDA & IBRD total,IBT,"Population, total",SP.POP.TOTL,6754029970
IDA & IBRD total,IBT,Rural population (% of total population),SP.RUR.TOTL.ZS,47.6077307436571
IDA & IBRD total,IBT,"Mortality rate, under-5 (per 1,000)",SH.DYN.MORT,40.1665899204762
IDA blend,IDB,"Population, total",SP.POP.TOTL,..
IDA blend,IDB,Rural population (% of total population),SP.RUR.TOTL.ZS,..
IDA blend,IDB,"Mortality rate, under-5 (per 1,000)",SH.DYN.MORT,..
IDA only,IDX,"Population, total",SP.POP.TOTL,..
IDA only,IDX,Rural population (% of total population),SP.RUR.TOTL.ZS,..
IDA only,IDX,"Mortality rate, under-5 (per 1,000)",SH.DYN.MORT,..
IDA total,IDA,"Population, total",SP.POP.TOTL,..
IDA total,IDA,Rural population (% of total population),SP.RUR.TOTL.ZS,..
IDA total,IDA,"Mortality rate, under-5 (per 1,000)",SH.DYN.MORT,..
India,IND,"Population, total",SP.POP.TOTL,1417173173
India,IND,Rural population (% of total population),SP.RUR.TOTL.ZS,64.128
India,IND,"Mortality rate, under-5 (per 1,000)",SH.DYN.MORT,29.1
Indonesia,IDN,"Population, total",SP.POP.TOTL,275501339
Indonesia,IDN,Rural population (% of total population),SP.RUR.TOTL.ZS,42.066
Indonesia,IDN,"Mortality rate, under-5 (per 1,000)",SH.DYN.MORT,21.3
"Iran, Islamic Rep.",IRN,"Population, total",SP.POP.TOTL,88550570
"Iran, Islamic Rep.",IRN,Rural population (% of total population),SP.RUR.TOTL.ZS,23.193
"Iran, Islamic Rep.",IRN,"Mortality rate, under-5 (per 1,000)",SH.DYN.MORT,12
Iraq,IRQ,"Population, total",SP.POP.TOTL,44496122
Iraq,IRQ,Rural population (% of total population),SP.RUR.TOTL.ZS,28.646
Iraq,IRQ,"Mortality rate, under-5 (per 1,000)",SH.DYN.MORT,23.5
Ireland,IRL,"Population, total",SP.POP.TOTL,5127170
Ireland,IRL,Rural population (% of total population),SP.RUR.TOTL.ZS,35.817
Ireland,IRL,"Mortality rate, under-5 (per 1,000)",SH.DYN.MORT,3.1
Isle of Man,IMN,"Population, total",SP.POP.TOTL,84519
Isle of Man,IMN,Rural population (% of total population),SP.RUR.TOTL.ZS,46.729
Isle of Man,IMN,"Mortality rate, under-5 (per 1,000)",SH.DYN.MORT,..
Israel,ISR,"Population, total",SP.POP.TOTL,9557500
Israel,ISR,Rural population (% of total population),SP.RUR.TOTL.ZS,7.23699999999999
Israel,ISR,"Mortality rate, under-5 (per 1,000)",SH.DYN.MORT,3.4
Italy,ITA,"Population, total",SP.POP.TOTL,58940425
Italy,ITA,Rural population (% of total population),SP.RUR.TOTL.ZS,28.343
Italy,ITA,"Mortality rate, under-5 (per 1,000)",SH.DYN.MORT,2.6
Jamaica,JAM,"Population, total",SP.POP.TOTL,2827377
Jamaica,JAM,Rural population (% of total population),SP.RUR.TOTL.ZS,42.992
Jamaica,JAM,"Mortality rate, under-5 (per 1,000)",SH.DYN.MORT,18.8
Japan,JPN,"Population, total",SP.POP.TOTL,125124989
Japan,JPN,Rural population (% of total population),SP.RUR.TOTL.ZS,8.045
Japan,JPN,"Mortality rate, under-5 (per 1,000)",SH.DYN.MORT,2.3
Jordan,JOR,"Population, total",SP.POP.TOTL,11285869
Jordan,JOR,Rural population (% of total population),SP.RUR.TOTL.ZS,8.173
Jordan,JOR,"Mortality rate, under-5 (per 1,000)",SH.DYN.MORT,14.1
Kazakhstan,KAZ,"Population, total",SP.POP.TOTL,19621972
Kazakhstan,KAZ,Rural population (% of total population),SP.RUR.TOTL.ZS,42.01
Kazakhstan,KAZ,"Mortality rate, under-5 (per 1,000)",SH.DYN.MORT,9.7
Kenya,KEN,"Population, total",SP.POP.TOTL,54027487
Kenya,KEN,Rural population (% of total population),SP.RUR.TOTL.ZS,70.998
Kenya,KEN,"Mortality rate, under-5 (per 1,000)",SH.DYN.MORT,41.1
Kiribati,KIR,"Population, total",SP.POP.TOTL,131232
Kiribati,KIR,Rural population (% of total population),SP.RUR.TOTL.ZS,42.942
Kiribati,KIR,"Mortality rate, under-5 (per 1,000)",SH.DYN.MORT,56.4
"Korea, Dem. People's Rep.",PRK,"Population, total",SP.POP.TOTL,26069416
"Korea, Dem. People's Rep.",PRK,Rural population (% of total population),SP.RUR.TOTL.ZS,37.084
"Korea, Dem. People's Rep.",PRK,"Mortality rate, under-5 (per 1,000)",SH.DYN.MORT,17
"Korea, Rep.",KOR,"Population, total",SP.POP.TOTL,51628117
"Korea, Rep.",KOR,Rural population (% of total population),SP.RUR.TOTL.ZS,18.573
"Korea, Rep.",KOR,"Mortality rate, under-5 (per 1,000)",SH.DYN.MORT,2.8
Kosovo,XKX,"Population, total",SP.POP.TOTL,1761985
Kosovo,XKX,Rural population (% of total population),SP.RUR.TOTL.ZS,..
Kosovo,XKX,"Mortality rate, under-5 (per 1,000)",SH.DYN.MORT,9.5
Kuwait,KWT,"Population, total",SP.POP.TOTL,4268873
Kuwait,KWT,Rural population (% of total population),SP.RUR.TOTL.ZS,0
Kuwait,KWT,"Mortality rate, under-5 (per 1,000)",SH.DYN.MORT,8.6
Kyrgyz Republic,KGZ,"Population, total",SP.POP.TOTL,6974900
Kyrgyz Republic,KGZ,Rural population (% of total population),SP.RUR.TOTL.ZS,62.539
Kyrgyz Republic,KGZ,"Mortality rate, under-5 (per 1,000)",SH.DYN.MORT,17.3
Lao PDR,LAO,"Population, total",SP.POP.TOTL,7529475
Lao PDR,LAO,Rural population (% of total population),SP.RUR.TOTL.ZS,62.408
Lao PDR,LAO,"Mortality rate, under-5 (per 1,000)",SH.DYN.MORT,40.4
Late-demographic dividend,LTE,"Population, total",SP.POP.TOTL,2325542891
Late-demographic dividend,LTE,Rural population (% of total population),SP.RUR.TOTL.ZS,34.346671325927
Late-demographic dividend,LTE,"Mortality rate, under-5 (per 1,000)",SH.DYN.MORT,9.36949092845149
Latin America & Caribbean,LCN,"Population, total",SP.POP.TOTL,659310564
Latin America & Caribbean,LCN,Rural population (% of total population),SP.RUR.TOTL.ZS,18.3787834559585
Latin America & Caribbean,LCN,"Mortality rate, under-5 (per 1,000)",SH.DYN.MORT,15.8
Latin America & Caribbean (excluding high income),LAC,"Population, total",SP.POP.TOTL,596596955
Latin America & Caribbean (excluding high income),LAC,Rural population (% of total population),SP.RUR.TOTL.ZS,18.7775716559482
Latin America & Caribbean (excluding high income),LAC,"Mortality rate, under-5 (per 1,000)",SH.DYN.MORT,15.6780353510853
Latin America & the Caribbean (IDA & IBRD countries),TLA,"Population, total",SP.POP.TOTL,643602758
Latin America & the Caribbean (IDA & IBRD countries),TLA,Rural population (% of total population),SP.RUR.TOTL.ZS,18.3448460595783
Latin America & the Caribbean (IDA & IBRD countries),TLA,"Mortality rate, under-5 (per 1,000)",SH.DYN.MORT,15.8886920170216
Latvia,LVA,"Population, total",SP.POP.TOTL,1879383
Latvia,LVA,Rural population (% of total population),SP.RUR.TOTL.ZS,31.46
Latvia,LVA,"Mortality rate, under-5 (per 1,000)",SH.DYN.MORT,3.2
Least developed countries: UN classification,LDC,"Population, total",SP.POP.TOTL,1124396999
Least developed countries: UN classification,LDC,Rural population (% of total population),SP.RUR.TOTL.ZS,64.1837466113764
Least developed countries: UN classification,LDC,"Mortality rate, under-5 (per 1,000)",SH.DYN.MORT,58.9571888392489
Lebanon,LBN,"Population, total",SP.POP.TOTL,5489739
Lebanon,LBN,Rural population (% of total population),SP.RUR.TOTL.ZS,10.738
Lebanon,LBN,"Mortality rate, under-5 (per 1,000)",SH.DYN.MORT,17.4
Lesotho,LSO,"Population, total",SP.POP.TOTL,2305825
Lesotho,LSO,Rural population (% of total population),SP.RUR.TOTL.ZS,70.057
Lesotho,LSO,"Mortality rate, under-5 (per 1,000)",SH.DYN.MORT,72.2
Liberia,LBR,"Population, total",SP.POP.TOTL,5302681
Liberia,LBR,Rural population (% of total population),SP.RUR.TOTL.ZS,46.935
Liberia,LBR,"Mortality rate, under-5 (per 1,000)",SH.DYN.MORT,73.2
Libya,LBY,"Population, total",SP.POP.TOTL,6812341
Libya,LBY,Rural population (% of total population),SP.RUR.TOTL.ZS,18.698
Libya,LBY,"Mortality rate, under-5 (per 1,000)",SH.DYN.MORT,10.3
Liechtenstein,LIE,"Population, total",SP.POP.TOTL,39327
Liechtenstein,LIE,Rural population (% of total population),SP.RUR.TOTL.ZS,85.462
Liechtenstein,LIE,"Mortality rate, under-5 (per 1,000)",SH.DYN.MORT,..
Lithuania,LTU,"Population, total",SP.POP.TOTL,2831639
Lithuania,LTU,Rural population (% of total population),SP.RUR.TOTL.ZS,31.535
Lithuania,LTU,"Mortality rate, under-5 (per 1,000)",SH.DYN.MORT,3.5
Low & middle income,LMY,"Population, total",SP.POP.TOTL,6678280291
Low & middle income,LMY,Rural population (% of total population),SP.RUR.TOTL.ZS,47.844762967659
Low & middle income,LMY,"Mortality rate, under-5 (per 1,000)",SH.DYN.MORT,40.3661299985821
Low income,LIC,"Population, total",SP.POP.TOTL,703727949
Low income,LIC,Rural population (% of total population),SP.RUR.TOTL.ZS,65.477824266515
Low income,LIC,"Mortality rate, under-5 (per 1,000)",SH.DYN.MORT,64.5
Lower middle income,LMC,"Population, total",SP.POP.TOTL,3190184199
Lower middle income,LMC,Rural population (% of total population),SP.RUR.TOTL.ZS,57.746484045086
Lower middle income,LMC,"Mortality rate, under-5 (per 1,000)",SH.DYN.MORT,44.2
Luxembourg,LUX,"Population, total",SP.POP.TOTL,653103
Luxembourg,LUX,Rural population (% of total population),SP.RUR.TOTL.ZS,8.119
Luxembourg,LUX,"Mortality rate, under-5 (per 1,000)",SH.DYN.MORT,2.7
"Macao SAR, China",MAC,"Population, total",SP.POP.TOTL,695168
"Macao SAR, China",MAC,Rural population (% of total population),SP.RUR.TOTL.ZS,0
"Macao SAR, China",MAC,"Mortality rate, under-5 (per 1,000)",SH.DYN.MORT,..
Madagascar,MDG,"Population, total",SP.POP.TOTL,29611714
Madagascar,MDG,Rural population (% of total population),SP.RUR.TOTL.ZS,60.118
Madagascar,MDG,"Mortality rate, under-5 (per 1,000)",SH.DYN.MORT,65.8
Malawi,MWI,"Population, total",SP.POP.TOTL,20405317
Malawi,MWI,Rural population (% of total population),SP.RUR.TOTL.ZS,82.02
Malawi,MWI,"Mortality rate, under-5 (per 1,000)",SH.DYN.MORT,40.1
Malaysia,MYS,"Population, total",SP.POP.TOTL,33938221
Malaysia,MYS,Rural population (% of total population),SP.RUR.TOTL.ZS,21.786
Malaysia,MYS,"Mortality rate, under-5 (per 1,000)",SH.DYN.MORT,7.8
Maldives,MDV,"Population, total",SP.POP.TOTL,523787
Maldives,MDV,Rural population (% of total population),SP.RUR.TOTL.ZS,58.464
Maldives,MDV,"Mortality rate, under-5 (per 1,000)",SH.DYN.MORT,5.6
Mali,MLI,"Population, total",SP.POP.TOTL,22593590
Mali,MLI,Rural population (% of total population),SP.RUR.TOTL.ZS,54.563
Mali,MLI,"Mortality rate, under-5 (per 1,000)",SH.DYN.MORT,93.8
Malta,MLT,"Population, total",SP.POP.TOTL,531113
Malta,MLT,Rural population (% of total population),SP.RUR.TOTL.ZS,5.125
Malta,MLT,"Mortality rate, under-5 (per 1,000)",SH.DYN.MORT,5.6
Marshall Islands,MHL,"Population, total",SP.POP.TOTL,41569
Marshall Islands,MHL,Rural population (% of total population),SP.RUR.TOTL.ZS,21.48
Marshall Islands,MHL,"Mortality rate, under-5 (per 1,000)",SH.DYN.MORT,28.6
Mauritania,MRT,"Population, total",SP.POP.TOTL,4736139
Mauritania,MRT,Rural population (% of total population),SP.RUR.TOTL.ZS,43.077
Mauritania,MRT,"Mortality rate, under-5 (per 1,000)",SH.DYN.MORT,39.2
Mauritius,MUS,"Population, total",SP.POP.TOTL,1262523
Mauritius,MUS,Rural population (% of total population),SP.RUR.TOTL.ZS,59.19
Mauritius,MUS,"Mortality rate, under-5 (per 1,000)",SH.DYN.MORT,15
Mexico,MEX,"Population, total",SP.POP.TOTL,127504125
Mexico,MEX,Rural population (% of total population),SP.RUR.TOTL.ZS,18.7
Mexico,MEX,"Mortality rate, under-5 (per 1,000)",SH.DYN.MORT,12.8
"Micronesia, Fed. Sts.",FSM,"Population, total",SP.POP.TOTL,114164
"Micronesia, Fed. Sts.",FSM,Rural population (% of total population),SP.RUR.TOTL.ZS,76.783
"Micronesia, Fed. Sts.",FSM,"Mortality rate, under-5 (per 1,000)",SH.DYN.MORT,24.2
Middle East & North Africa,MEA,"Population, total",SP.POP.TOTL,493279469
Middle East & North Africa,MEA,Rural population (% of total population),SP.RUR.TOTL.ZS,33.909766417345
Middle East & North Africa,MEA,"Mortality rate, under-5 (per 1,000)",SH.DYN.MORT,19.3
Middle East & North Africa (excluding high income),MNA,"Population, total",SP.POP.TOTL,424328381
Middle East & North Africa (excluding high income),MNA,Rural population (% of total population),SP.RUR.TOTL.ZS,37.4910023727096
Middle East & North Africa (excluding high income),MNA,"Mortality rate, under-5 (per 1,000)",SH.DYN.MORT,20.8910521247348
Middle East & North Africa (IDA & IBRD countries),TMN,"Population, total",SP.POP.TOTL,419284769
Middle East & North Africa (IDA & IBRD countries),TMN,Rural population (% of total population),SP.RUR.TOTL.ZS,37.6688163312963
Middle East & North Africa (IDA & IBRD countries),TMN,"Mortality rate, under-5 (per 1,000)",SH.DYN.MORT,21.0036515637814
Middle income,MIC,"Population, total",SP.POP.TOTL,5974552342
Middle income,MIC,Rural population (% of total population),SP.RUR.TOTL.ZS,45.7671949766961
Middle income,MIC,"Mortality rate, under-5 (per 1,000)",SH.DYN.MORT,34.3755748035464
Moldova,MDA,"Population, total",SP.POP.TOTL,2538894
Moldova,MDA,Rural population (% of total population),SP.RUR.TOTL.ZS,56.827
Moldova,MDA,"Mortality rate, under-5 (per 1,000)",SH.DYN.MORT,14.2
Monaco,MCO,"Population, total",SP.POP.TOTL,36469
Monaco,MCO,Rural population (% of total population),SP.RUR.TOTL.ZS,0
Monaco,MCO,"Mortality rate, under-5 (per 1,000)",SH.DYN.MORT,2.8
Mongolia,MNG,"Population, total",SP.POP.TOTL,3398366
Mongolia,MNG,Rural population (% of total population),SP.RUR.TOTL.ZS,31.07
Mongolia,MNG,"Mortality rate, under-5 (per 1,000)",SH.DYN.MORT,13.4
Montenegro,MNE,"Population, total",SP.POP.TOTL,617213
Montenegro,MNE,Rural population (% of total population),SP.RUR.TOTL.ZS,31.836
Montenegro,MNE,"Mortality rate, under-5 (per 1,000)",SH.DYN.MORT,2.7
Morocco,MAR,"Population, total",SP.POP.TOTL,37457971
Morocco,MAR,Rural population (% of total population),SP.RUR.TOTL.ZS,35.404
Morocco,MAR,"Mortality rate, under-5 (per 1,000)",SH.DYN.MORT,17.3
Mozambique,MOZ,"Population, total",SP.POP.TOTL,32969518
Mozambique,MOZ,Rural population (% of total population),SP.RUR.TOTL.ZS,61.813
Mozambique,MOZ,"Mortality rate, under-5 (per 1,000)",SH.DYN.MORT,66.2
Myanmar,MMR,"Population, total",SP.POP.TOTL,54179306
Myanmar,MMR,Rural population (% of total population),SP.RUR.TOTL.ZS,68.229
Myanmar,MMR,"Mortality rate, under-5 (per 1,000)",SH.DYN.MORT,40.1
Namibia,NAM,"Population, total",SP.POP.TOTL,2567012
Namibia,NAM,Rural population (% of total population),SP.RUR.TOTL.ZS,46.044
Namibia,NAM,"Mortality rate, under-5 (per 1,000)",SH.DYN.MORT,37.9
Nauru,NRU,"Population, total",SP.POP.TOTL,12668
Nauru,NRU,Rural population (% of total population),SP.RUR.TOTL.ZS,0
Nauru,NRU,"Mortality rate, under-5 (per 1,000)",SH.DYN.MORT,26.5
Nepal,NPL,"Population, total",SP.POP.TOTL,30547580
Nepal,NPL,Rural population (% of total population),SP.RUR.TOTL.ZS,78.549
Nepal,NPL,"Mortality rate, under-5 (per 1,000)",SH.DYN.MORT,27.3
Netherlands,NLD,"Population, total",SP.POP.TOTL,17700982
Netherlands,NLD,Rural population (% of total population),SP.RUR.TOTL.ZS,7.114
Netherlands,NLD,"Mortality rate, under-5 (per 1,000)",SH.DYN.MORT,3.9
New Caledonia,NCL,"Population, total",SP.POP.TOTL,269220
New Caledonia,NCL,Rural population (% of total population),SP.RUR.TOTL.ZS,27.675
New Caledonia,NCL,"Mortality rate, under-5 (per 1,000)",SH.DYN.MORT,..
New Zealand,NZL,"Population, total",SP.POP.TOTL,5124100
New Zealand,NZL,Rural population (% of total population),SP.RUR.TOTL.ZS,13.116
New Zealand,NZL,"Mortality rate, under-5 (per 1,000)",SH.DYN.MORT,4.6
Nicaragua,NIC,"Population, total",SP.POP.TOTL,6948392
Nicaragua,NIC,Rural population (% of total population),SP.RUR.TOTL.ZS,40.444
Nicaragua,NIC,"Mortality rate, under-5 (per 1,000)",SH.DYN.MORT,15.2
Niger,NER,"Population, total",SP.POP.TOTL,26207977
Niger,NER,Rural population (% of total population),SP.RUR.TOTL.ZS,83.106
Niger,NER,"Mortality rate, under-5 (per 1,000)",SH.DYN.MORT,117.3
Nigeria,NGA,"Population, total",SP.POP.TOTL,218541212
Nigeria,NGA,Rural population (% of total population),SP.RUR.TOTL.ZS,46.479
Nigeria,NGA,"Mortality rate, under-5 (per 1,000)",SH.DYN.MORT,107.2
North America,NAC,"Population, total",SP.POP.TOTL,372280991
North America,NAC,Rural population (% of total population),SP.RUR.TOTL.ZS,17.0524021354289
North America,NAC,"Mortality rate, under-5 (per 1,000)",SH.DYN.MORT,6.1
North Macedonia,MKD,"Population, total",SP.POP.TOTL,2057679
North Macedonia,MKD,Rural population (% of total population),SP.RUR.TOTL.ZS,40.882
North Macedonia,MKD,"Mortality rate, under-5 (per 1,000)",SH.DYN.MORT,4.6
Northern Mariana Islands,MNP,"Population, total",SP.POP.TOTL,49551
Northern Mariana Islands,MNP,Rural population (% of total population),SP.RUR.TOTL.ZS,8.017
Northern Mariana Islands,MNP,"Mortality rate, under-5 (per 1,000)",SH.DYN.MORT,..
Norway,NOR,"Population, total",SP.POP.TOTL,5457127
Norway,NOR,Rural population (% of total population),SP.RUR.TOTL.ZS,16.336
Norway,NOR,"Mortality rate, under-5 (per 1,000)",SH.DYN.MORT,2.2
Not classified,INX,"Population, total",SP.POP.TOTL,..
Not classified,INX,Rural population (% of total population),SP.RUR.TOTL.ZS,..
Not classified,INX,"Mortality rate, under-5 (per 1,000)",SH.DYN.MORT,..
OECD members,OED,"Population, total",SP.POP.TOTL,1376606817
OECD members,OED,Rural population (% of total population),SP.RUR.TOTL.ZS,18.5343766186449
OECD members,OED,"Mortality rate, under-5 (per 1,000)",SH.DYN.MORT,6.46898924389421
Oman,OMN,"Population, total",SP.POP.TOTL,4576298
Oman,OMN,Rural population (% of total population),SP.RUR.TOTL.ZS,12.25
Oman,OMN,"Mortality rate, under-5 (per 1,000)",SH.DYN.MORT,10.5
Other small states,OSS,"Population, total",SP.POP.TOTL,33169026
Other small states,OSS,Rural population (% of total population),SP.RUR.TOTL.ZS,36.461845561579
Other small states,OSS,"Mortality rate, under-5 (per 1,000)",SH.DYN.MORT,43.5650210125792
Pacific island small states,PSS,"Population, total",SP.POP.TOTL,2639019
Pacific island small states,PSS,Rural population (% of total population),SP.RUR.TOTL.ZS,60.4462972127143
Pacific island small states,PSS,"Mortality rate, under-5 (per 1,000)",SH.DYN.MORT,23.012201998296
Pakistan,PAK,"Population, total",SP.POP.TOTL,235824862
Pakistan,PAK,Rural population (% of total population),SP.RUR.TOTL.ZS,62.269
Pakistan,PAK,"Mortality rate, under-5 (per 1,000)",SH.DYN.MORT,61
Palau,PLW,"Population, total",SP.POP.TOTL,18055
Palau,PLW,Rural population (% of total population),SP.RUR.TOTL.ZS,18.044
Palau,PLW,"Mortality rate, under-5 (per 1,000)",SH.DYN.MORT,22.3
Panama,PAN,"Population, total",SP.POP.TOTL,4408581
Panama,PAN,Rural population (% of total population),SP.RUR.TOTL.ZS,30.859
Panama,PAN,"Mortality rate, under-5 (per 1,000)",SH.DYN.MORT,13.3
Papua New Guinea,PNG,"Population, total",SP.POP.TOTL,10142619
Papua New Guinea,PNG,Rural population (% of total population),SP.RUR.TOTL.ZS,86.418
Papua New Guinea,PNG,"Mortality rate, under-5 (per 1,000)",SH.DYN.MORT,41.4
Paraguay,PRY,"Population, total",SP.POP.TOTL,6780744
Paraguay,PRY,Rural population (% of total population),SP.RUR.TOTL.ZS,37.182
Paraguay,PRY,"Mortality rate, under-5 (per 1,000)",SH.DYN.MORT,17.4
Peru,PER,"Population, total",SP.POP.TOTL,34049588
Peru,PER,Rural population (% of total population),SP.RUR.TOTL.ZS,21.292
Peru,PER,"Mortality rate, under-5 (per 1,000)",SH.DYN.MORT,15.1
Philippines,PHL,"Population, total",SP.POP.TOTL,115559009
Philippines,PHL,Rural population (% of total population),SP.RUR.TOTL.ZS,52.023
Philippines,PHL,"Mortality rate, under-5 (per 1,000)",SH.DYN.MORT,27.5
Poland,POL,"Population, total",SP.POP.TOTL,36821749
Poland,POL,Rural population (% of total population),SP.RUR.TOTL.ZS,39.866
Poland,POL,"Mortality rate, under-5 (per 1,000)",SH.DYN.MORT,4.4
Portugal,PRT,"Population, total",SP.POP.TOTL,10409704
Portugal,PRT,Rural population (% of total population),SP.RUR.TOTL.ZS,32.619
Portugal,PRT,"Mortality rate, under-5 (per 1,000)",SH.DYN.MORT,3.2
Post-demographic dividend,PST,"Population, total",SP.POP.TOTL,1113495082
Post-demographic dividend,PST,Rural population (% of total population),SP.RUR.TOTL.ZS,17.8951536399736
Post-demographic dividend,PST,"Mortality rate, under-5 (per 1,000)",SH.DYN.MORT,4.70124003777361
Pre-demographic dividend,PRE,"Population, total",SP.POP.TOTL,1038012552
Pre-demographic dividend,PRE,Rural population (% of total population),SP.RUR.TOTL.ZS,56.4115891872828
Pre-demographic dividend,PRE,"Mortality rate, under-5 (per 1,000)",SH.DYN.MORT,73.9472825890496
Puerto Rico,PRI,"Population, total",SP.POP.TOTL,3221789
Puerto Rico,PRI,Rural population (% of total population),SP.RUR.TOTL.ZS,6.39
Puerto Rico,PRI,"Mortality rate, under-5 (per 1,000)",SH.DYN.MORT,..
Qatar,QAT,"Population, total",SP.POP.TOTL,2695122
Qatar,QAT,Rural population (% of total population),SP.RUR.TOTL.ZS,0.682000000000002
Qatar,QAT,"Mortality rate, under-5 (per 1,000)",SH.DYN.MORT,5.2
Romania,ROU,"Population, total",SP.POP.TOTL,19047009
Romania,ROU,Rural population (% of total population),SP.RUR.TOTL.ZS,45.511
Romania,ROU,"Mortality rate, under-5 (per 1,000)",SH.DYN.MORT,6.8
Russian Federation,RUS,"Population, total",SP.POP.TOTL,144236933
Russian Federation,RUS,Rural population (% of total population),SP.RUR.TOTL.ZS,24.874
Russian Federation,RUS,"Mortality rate, under-5 (per 1,000)",SH.DYN.MORT,4.8
Rwanda,RWA,"Population, total",SP.POP.TOTL,13776698
Rwanda,RWA,Rural population (% of total population),SP.RUR.TOTL.ZS,82.279
Rwanda,RWA,"Mortality rate, under-5 (per 1,000)",SH.DYN.MORT,38
Samoa,WSM,"Population, total",SP.POP.TOTL,222382
Samoa,WSM,Rural population (% of total population),SP.RUR.TOTL.ZS,82.384
Samoa,WSM,"Mortality rate, under-5 (per 1,000)",SH.DYN.MORT,16.1
San Marino,SMR,"Population, total",SP.POP.TOTL,33660
San Marino,SMR,Rural population (% of total population),SP.RUR.TOTL.ZS,2.268
San Marino,SMR,"Mortality rate, under-5 (per 1,000)",SH.DYN.MORT,1.5
Sao Tome and Principe,STP,"Population, total",SP.POP.TOTL,227380
Sao Tome and Principe,STP,Rural population (% of total population),SP.RUR.TOTL.ZS,24.245
Sao Tome and Principe,STP,"Mortality rate, under-5 (per 1,000)",SH.DYN.MORT,14.5
Saudi Arabia,SAU,"Population, total",SP.POP.TOTL,36408820
Saudi Arabia,SAU,Rural population (% of total population),SP.RUR.TOTL.ZS,15.271
Saudi Arabia,SAU,"Mortality rate, under-5 (per 1,000)",SH.DYN.MORT,6.4
Senegal,SEN,"Population, total",SP.POP.TOTL,17316449
Senegal,SEN,Rural population (% of total population),SP.RUR.TOTL.ZS,50.914
Senegal,SEN,"Mortality rate, under-5 (per 1,000)",SH.DYN.MORT,37
Serbia,SRB,"Population, total",SP.POP.TOTL,6664449
Serbia,SRB,Rural population (% of total population),SP.RUR.TOTL.ZS,43.127
Serbia,SRB,"Mortality rate, under-5 (per 1,000)",SH.DYN.MORT,5.1
Seychelles,SYC,"Population, total",SP.POP.TOTL,119878
Seychelles,SYC,Rural population (% of total population),SP.RUR.TOTL.ZS,41.604
Seychelles,SYC,"Mortality rate, under-5 (per 1,000)",SH.DYN.MORT,14.5
Sierra Leone,SLE,"Population, total",SP.POP.TOTL,8605718
Sierra Leone,SLE,Rural population (% of total population),SP.RUR.TOTL.ZS,56.169
Sierra Leone,SLE,"Mortality rate, under-5 (per 1,000)",SH.DYN.MORT,100.8
Singapore,SGP,"Population, total",SP.POP.TOTL,5637022
Singapore,SGP,Rural population (% of total population),SP.RUR.TOTL.ZS,0
Singapore,SGP,"Mortality rate, under-5 (per 1,000)",SH.DYN.MORT,2.2
Sint Maarten (Dutch part),SXM,"Population, total",SP.POP.TOTL,42848
Sint Maarten (Dutch part),SXM,Rural population (% of total population),SP.RUR.TOTL.ZS,0
Sint Maarten (Dutch part),SXM,"Mortality rate, under-5 (per 1,000)",SH.DYN.MORT,..
Slovak Republic,SVK,"Population, total",SP.POP.TOTL,5431752
Slovak Republic,SVK,Rural population (% of total population),SP.RUR.TOTL.ZS,46.091
Slovak Republic,SVK,"Mortality rate, under-5 (per 1,000)",SH.DYN.MORT,5.9
Slovenia,SVN,"Population, total",SP.POP.TOTL,2111986
Slovenia,SVN,Rural population (% of total population),SP.RUR.TOTL.ZS,44.249
Slovenia,SVN,"Mortality rate, under-5 (per 1,000)",SH.DYN.MORT,2.3
Small states,SST,"Population, total",SP.POP.TOTL,43313523
Small states,SST,Rural population (% of total population),SP.RUR.TOTL.ZS,39.9253250985148
Small states,SST,"Mortality rate, under-5 (per 1,000)",SH.DYN.MORT,39.0856545852031
Solomon Islands,SLB,"Population, total",SP.POP.TOTL,724273
Solomon Islands,SLB,Rural population (% of total population),SP.RUR.TOTL.ZS,74.416
Solomon Islands,SLB,"Mortality rate, under-5 (per 1,000)",SH.DYN.MORT,18.3
Somalia,SOM,"Population, total",SP.POP.TOTL,17597511
Somalia,SOM,Rural population (% of total population),SP.RUR.TOTL.ZS,52.676
Somalia,SOM,"Mortality rate, under-5 (per 1,000)",SH.DYN.MORT,106.1
South Africa,ZAF,"Population, total",SP.POP.TOTL,59893885
South Africa,ZAF,Rural population (% of total population),SP.RUR.TOTL.ZS,31.665
South Africa,ZAF,"Mortality rate, under-5 (per 1,000)",SH.DYN.MORT,34.5
South Asia,SAS,"Population, total",SP.POP.TOTL,1919348000
South Asia,SAS,Rural population (% of total population),SP.RUR.TOTL.ZS,64.1750013504857
South Asia,SAS,"Mortality rate, under-5 (per 1,000)",SH.DYN.MORT,35.9
South Asia (IDA & IBRD),TSA,"Population, total",SP.POP.TOTL,1919348000
South Asia (IDA & IBRD),TSA,Rural population (% of total population),SP.RUR.TOTL.ZS,64.1750013504857
South Asia (IDA & IBRD),TSA,"Mortality rate, under-5 (per 1,000)",SH.DYN.MORT,35.9074361369531
South Sudan,SSD,"Population, total",SP.POP.TOTL,10913164
South Sudan,SSD,Rural population (% of total population),SP.RUR.TOTL.ZS,79.154
South Sudan,SSD,"Mortality rate, under-5 (per 1,000)",SH.DYN.MORT,98.8
Spain,ESP,"Population, total",SP.POP.TOTL,47778340
Spain,ESP,Rural population (% of total population),SP.RUR.TOTL.ZS,18.696
Spain,ESP,"Mortality rate, under-5 (per 1,000)",SH.DYN.MORT,3
Sri Lanka,LKA,"Population, total",SP.POP.TOTL,22181000
Sri Lanka,LKA,Rural population (% of total population),SP.RUR.TOTL.ZS,80.974
Sri Lanka,LKA,"Mortality rate, under-5 (per 1,000)",SH.DYN.MORT,6.5
St. Kitts and Nevis,KNA,"Population, total",SP.POP.TOTL,47657
St. Kitts and Nevis,KNA,Rural population (% of total population),SP.RUR.TOTL.ZS,69.009
St. Kitts and Nevis,KNA,"Mortality rate, under-5 (per 1,000)",SH.DYN.MORT,15.4
St. Lucia,LCA,"Population, total",SP.POP.TOTL,179857
St. Lucia,LCA,Rural population (% of total population),SP.RUR.TOTL.ZS,80.95
St. Lucia,LCA,"Mortality rate, under-5 (per 1,000)",SH.DYN.MORT,17.3
St. Martin (French part),MAF,"Population, total",SP.POP.TOTL,31791
St. Martin (French part),MAF,Rural population (% of total population),SP.RUR.TOTL.ZS,..
St. Martin (French part),MAF,"Mortality rate, under-5 (per 1,000)",SH.DYN.MORT,..
St. Vincent and the Grenadines,VCT,"Population, total",SP.POP.TOTL,103948
St. Vincent and the Grenadines,VCT,Rural population (% of total population),SP.RUR.TOTL.ZS,46.125
St. Vincent and the Grenadines,VCT,"Mortality rate, under-5 (per 1,000)",SH.DYN.MORT,10.9
Sub-Saharan Africa,SSF,"Population, total",SP.POP.TOTL,1211190002
Sub-Saharan Africa,SSF,Rural population (% of total population),SP.RUR.TOTL.ZS,57.6317033062984
Sub-Saharan Africa,SSF,"Mortality rate, under-5 (per 1,000)",SH.DYN.MORT,70.7
Sub-Saharan Africa (excluding high income),SSA,"Population, total",SP.POP.TOTL,1211070124
Sub-Saharan Africa (excluding high income),SSA,Rural population (% of total population),SP.RUR.TOTL.ZS,57.6332898114717
Sub-Saharan Africa (excluding high income),SSA,"Mortality rate, under-5 (per 1,000)",SH.DYN.MORT,70.6857636855527
Sub-Saharan Africa (IDA & IBRD countries),TSS,"Population, total",SP.POP.TOTL,1211190002
Sub-Saharan Africa (IDA & IBRD countries),TSS,Rural population (% of total population),SP.RUR.TOTL.ZS,57.6317033062984
Sub-Saharan Africa (IDA & IBRD countries),TSS,"Mortality rate, under-5 (per 1,000)",SH.DYN.MORT,70.6835799172069
Sudan,SDN,"Population, total",SP.POP.TOTL,46874204
Sudan,SDN,Rural population (% of total population),SP.RUR.TOTL.ZS,64.044
Sudan,SDN,"Mortality rate, under-5 (per 1,000)",SH.DYN.MORT,51.6
Suriname,SUR,"Population, total",SP.POP.TOTL,618040
Suriname,SUR,Rural population (% of total population),SP.RUR.TOTL.ZS,33.693
Suriname,SUR,"Mortality rate, under-5 (per 1,000)",SH.DYN.MORT,16.6
Sweden,SWE,"Population, total",SP.POP.TOTL,10486941
Sweden,SWE,Rural population (% of total population),SP.RUR.TOTL.ZS,11.508
Sweden,SWE,"Mortality rate, under-5 (per 1,000)",SH.DYN.MORT,2.5
Switzerland,CHE,"Population, total",SP.POP.TOTL,8775760
Switzerland,CHE,Rural population (% of total population),SP.RUR.TOTL.ZS,25.908
Switzerland,CHE,"Mortality rate, under-5 (per 1,000)",SH.DYN.MORT,4
Syrian Arab Republic,SYR,"Population, total",SP.POP.TOTL,22125249
Syrian Arab Republic,SYR,Rural population (% of total population),SP.RUR.TOTL.ZS,43.231
Syrian Arab Republic,SYR,"Mortality rate, under-5 (per 1,000)",SH.DYN.MORT,21.4
Tajikistan,TJK,"Population, total",SP.POP.TOTL,9952787
Tajikistan,TJK,Rural population (% of total population),SP.RUR.TOTL.ZS,72.032
Tajikistan,TJK,"Mortality rate, under-5 (per 1,000)",SH.DYN.MORT,30.3
Tanzania,TZA,"Population, total",SP.POP.TOTL,65497748
Tanzania,TZA,Rural population (% of total population),SP.RUR.TOTL.ZS,63.318
Tanzania,TZA,"Mortality rate, under-5 (per 1,000)",SH.DYN.MORT,40.5
Thailand,THA,"Population, total",SP.POP.TOTL,71697030
Thailand,THA,Rural population (% of total population),SP.RUR.TOTL.ZS,47.111
Thailand,THA,"Mortality rate, under-5 (per 1,000)",SH.DYN.MORT,8.1
Timor-Leste,TLS,"Population, total",SP.POP.TOTL,1341296
Timor-Leste,TLS,Rural population (% of total population),SP.RUR.TOTL.ZS,67.926
Timor-Leste,TLS,"Mortality rate, under-5 (per 1,000)",SH.DYN.MORT,48.6
Togo,TGO,"Population, total",SP.POP.TOTL,8848699
Togo,TGO,Rural population (% of total population),SP.RUR.TOTL.ZS,56.079
Togo,TGO,"Mortality rate, under-5 (per 1,000)",SH.DYN.MORT,60.4
Tonga,TON,"Population, total",SP.POP.TOTL,106858
Tonga,TON,Rural population (% of total population),SP.RUR.TOTL.ZS,76.875
Tonga,TON,"Mortality rate, under-5 (per 1,000)",SH.DYN.MORT,10.9
Trinidad and Tobago,TTO,"Population, total",SP.POP.TOTL,1531044
Trinidad and Tobago,TTO,Rural population (% of total population),SP.RUR.TOTL.ZS,46.66
Trinidad and Tobago,TTO,"Mortality rate, under-5 (per 1,000)",SH.DYN.MORT,15.4
Tunisia,TUN,"Population, total",SP.POP.TOTL,12356117
Tunisia,TUN,Rural population (% of total population),SP.RUR.TOTL.ZS,29.786
Tunisia,TUN,"Mortality rate, under-5 (per 1,000)",SH.DYN.MORT,11.5
Turkiye,TUR,"Population, total",SP.POP.TOTL,84979913
Turkiye,TUR,Rural population (% of total population),SP.RUR.TOTL.ZS,22.978
Turkiye,TUR,"Mortality rate, under-5 (per 1,000)",SH.DYN.MORT,9.6
Turkmenistan,TKM,"Population, total",SP.POP.TOTL,6430770
Turkmenistan,TKM,Rural population (% of total population),SP.RUR.TOTL.ZS,46.506
Turkmenistan,TKM,"Mortality rate, under-5 (per 1,000)",SH.DYN.MORT,40.4
Turks and Caicos Islands,TCA,"Population, total",SP.POP.TOTL,45703
Turks and Caicos Islands,TCA,Rural population (% of total population),SP.RUR.TOTL.ZS,5.953
Turks and Caicos Islands,TCA,"Mortality rate, under-5 (per 1,000)",SH.DYN.MORT,5.9
Tuvalu,TUV,"Population, total",SP.POP.TOTL,11312
Tuvalu,TUV,Rural population (% of total population),SP.RUR.TOTL.ZS,34.473
Tuvalu,TUV,"Mortality rate, under-5 (per 1,000)",SH.DYN.MORT,20.4
Uganda,UGA,"Population, total",SP.POP.TOTL,47249585
Uganda,UGA,Rural population (% of total population),SP.RUR.TOTL.ZS,73.841
Uganda,UGA,"Mortality rate, under-5 (per 1,000)",SH.DYN.MORT,40.5
Ukraine,UKR,"Population, total",SP.POP.TOTL,38000000
Ukraine,UKR,Rural population (% of total population),SP.RUR.TOTL.ZS,30.081
Ukraine,UKR,"Mortality rate, under-5 (per 1,000)",SH.DYN.MORT,8.5
United Arab Emirates,ARE,"Population, total",SP.POP.TOTL,9441129
United Arab Emirates,ARE,Rural population (% of total population),SP.RUR.TOTL.ZS,12.457
United Arab Emirates,ARE,"Mortality rate, under-5 (per 1,000)",SH.DYN.MORT,5.3
United Kingdom,GBR,"Population, total",SP.POP.TOTL,66971395
United Kingdom,GBR,Rural population (% of total population),SP.RUR.TOTL.ZS,15.602
United Kingdom,GBR,"Mortality rate, under-5 (per 1,000)",SH.DYN.MORT,4.1
United States,USA,"Population, total",SP.POP.TOTL,333287557
United States,USA,Rural population (% of total population),SP.RUR.TOTL.ZS,16.916
United States,USA,"Mortality rate, under-5 (per 1,000)",SH.DYN.MORT,6.3
Upper middle income,UMC,"Population, total",SP.POP.TOTL,2784368143
Upper middle income,UMC,Rural population (% of total population),SP.RUR.TOTL.ZS,32.0332576060194
Upper middle income,UMC,"Mortality rate, under-5 (per 1,000)",SH.DYN.MORT,13
Uruguay,URY,"Population, total",SP.POP.TOTL,3422794
Uruguay,URY,Rural population (% of total population),SP.RUR.TOTL.ZS,4.312
Uruguay,URY,"Mortality rate, under-5 (per 1,000)",SH.DYN.MORT,6.6
Uzbekistan,UZB,"Population, total",SP.POP.TOTL,35648100
Uzbekistan,UZB,Rural population (% of total population),SP.RUR.TOTL.ZS,49.534
Uzbekistan,UZB,"Mortality rate, under-5 (per 1,000)",SH.DYN.MORT,13.3
Vanuatu,VUT,"Population, total",SP.POP.TOTL,326740
Vanuatu,VUT,Rural population (% of total population),SP.RUR.TOTL.ZS,74.184
Vanuatu,VUT,"Mortality rate, under-5 (per 1,000)",SH.DYN.MORT,18.2
"Venezuela, RB",VEN,"Population, total",SP.POP.TOTL,28301696
"Venezuela, RB",VEN,Rural population (% of total population),SP.RUR.TOTL.ZS,11.622
"Venezuela, RB",VEN,"Mortality rate, under-5 (per 1,000)",SH.DYN.MORT,24.2
Viet Nam,VNM,"Population, total",SP.POP.TOTL,98186856
Viet Nam,VNM,Rural population (% of total population),SP.RUR.TOTL.ZS,61.234
Viet Nam,VNM,"Mortality rate, under-5 (per 1,000)",SH.DYN.MORT,20.3
Virgin Islands (U.S.),VIR,"Population, total",SP.POP.TOTL,105413
Virgin Islands (U.S.),VIR,Rural population (% of total population),SP.RUR.TOTL.ZS,3.864
Virgin Islands (U.S.),VIR,"Mortality rate, under-5 (per 1,000)",SH.DYN.MORT,..
West Bank and Gaza,PSE,"Population, total",SP.POP.TOTL,5043612
West Bank and Gaza,PSE,Rural population (% of total population),SP.RUR.TOTL.ZS,22.709
West Bank and Gaza,PSE,"Mortality rate, under-5 (per 1,000)",SH.DYN.MORT,14.3
World,WLD,"Population, total",SP.POP.TOTL,7950946801
World,WLD,Rural population (% of total population),SP.RUR.TOTL.ZS,43.100920471115
World,WLD,"Mortality rate, under-5 (per 1,000)",SH.DYN.MORT,37.1
"Yemen, Rep.",YEM,"Population, total",SP.POP.TOTL,33696614
"Yemen, Rep.",YEM,Rural population (% of total population),SP.RUR.TOTL.ZS,60.812
"Yemen, Rep.",YEM,"Mortality rate, under-5 (per 1,000)",SH.DYN.MORT,41.3
Zambia,ZMB,"Population, total",SP.POP.TOTL,20017675
Zambia,ZMB,Rural population (% of total population),SP.RUR.TOTL.ZS,54.239
Zambia,ZMB,"Mortality rate, under-5 (per 1,000)",SH.DYN.MORT,55.6
Zimbabwe,ZWE,"Population, total",SP.POP.TOTL,16320537
Zimbabwe,ZWE,Rural population (% of total population),SP.RUR.TOTL.ZS,67.605
Zimbabwe,ZWE,"Mortality rate, under-5 (per 1,000)",SH.DYN.MORT,47.7
,,,,
,,,,
,,,,
Data from database: Population estimates and projections,,,,
Last Updated: 05/31/2024,,,,
