IndicatorCode,Indicator,ValueType,ParentLocationCode,ParentLocation,Location type,SpatialDimValueCode,Location,Period type,Period,IsLatestYear,Dim1 type,Dim1,Dim1ValueCode,Dim2 type,Dim2,Dim2ValueCode,Dim3 type,Dim3,Dim3ValueCode,DataSourceDimValueCode,DataSource,FactValueNumericPrefix,FactValueNumeric,FactValueUoM,FactValueNumericLowPrefix,FactValueNumericLow,FactValueNumericHighPrefix,FactValueNumericHigh,Value,FactValueTranslationID,FactComments,Language,DateModified
HWF_0023,Traditional and Complementary Medicine Professionals  (number),numeric,SEAR,South-East Asia,Country,IDN,Indonesia,Year,2022,true,,,,,,,,,,,,,1674,,,,,,1674,,,EN,2024-05-20T07:00:00.000Z
HWF_0023,Traditional and Complementary Medicine Professionals  (number),numeric,AFR,Africa,Country,MWI,Malawi,Year,2022,true,,,,,,,,,,,,,2,,,,,,2,,,EN,2024-05-20T07:00:00.000Z
HWF_0023,Traditional and Complementary Medicine Professionals  (number),numeric,AFR,Africa,Country,TCD,Chad,Year,2022,true,,,,,,,,,,,,,21983,,,,,,21 983,,,EN,2024-05-20T07:00:00.000Z
HWF_0023,Traditional and Complementary Medicine Professionals  (number),numeric,AFR,Africa,Country,MOZ,Mozambique,Year,2022,true,,,,,,,,,,,,,3,,,,,,3,,,EN,2024-05-20T07:00:00.000Z
HWF_0023,Traditional and Complementary Medicine Professionals  (number),numeric,AFR,Africa,Country,CMR,Cameroon,Year,2022,true,,,,,,,,,,,,,5,,,,,,5,,,EN,2024-05-20T07:00:00.000Z
HWF_0023,Traditional and Complementary Medicine Professionals  (number),numeric,EUR,Europe,Country,ISR,Israel,Year,2022,true,,,,,,,,,,,,,6500,,,,,,6500,,,EN,2024-05-20T07:00:00.000Z
HWF_0023,Traditional and Complementary Medicine Professionals  (number),numeric,AFR,Africa,Country,ZAF,South Africa,Year,2022,true,,,,,,,,,,,,,9,,,,,,9,,Value obtained from Professionally Active,EN,2024-05-20T07:00:00.000Z
HWF_0023,Traditional and Complementary Medicine Professionals  (number),numeric,SEAR,South-East Asia,Country,IDN,Indonesia,Year,2021,false,,,,,,,,,,,,,109,,,,,,109,,,EN,2024-05-20T07:00:00.000Z
HWF_0023,Traditional and Complementary Medicine Professionals  (number),numeric,EUR,Europe,Country,ISR,Israel,Year,2021,false,,,,,,,,,,,,,1800,,,,,,1800,,,EN,2024-05-20T07:00:00.000Z
HWF_0023,Traditional and Complementary Medicine Professionals  (number),numeric,SEAR,South-East Asia,Country,BTN,Bhutan,Year,2021,true,,,,,,,,,,,,,209,,,,,,209,,,EN,2024-05-20T07:00:00.000Z
HWF_0023,Traditional and Complementary Medicine Professionals  (number),numeric,AMR,Americas,Country,BOL,Bolivia (Plurinational State of),Year,2021,true,,,,,,,,,,,,,22,,,,,,22,,Value obtained from Professionally Active,EN,2024-05-20T07:00:00.000Z
HWF_0023,Traditional and Complementary Medicine Professionals  (number),numeric,SEAR,South-East Asia,Country,LKA,Sri Lanka,Year,2021,true,,,,,,,,,,,,,2700,,,,,,2700,,,EN,2024-05-20T07:00:00.000Z
HWF_0023,Traditional and Complementary Medicine Professionals  (number),numeric,SEAR,South-East Asia,Country,BGD,Bangladesh,Year,2021,true,,,,,,,,,,,,,4833,,,,,,4833,,,EN,2024-05-20T07:00:00.000Z
HWF_0023,Traditional and Complementary Medicine Professionals  (number),numeric,AFR,Africa,Country,BFA,Burkina Faso,Year,2021,true,,,,,,,,,,,,,50,,,,,,50,,,EN,2024-05-20T07:00:00.000Z
HWF_0023,Traditional and Complementary Medicine Professionals  (number),numeric,AFR,Africa,Country,GHA,Ghana,Year,2021,true,,,,,,,,,,,,,7,,,,,,7,,,EN,2024-05-20T07:00:00.000Z
HWF_0023,Traditional and Complementary Medicine Professionals  (number),numeric,SEAR,South-East Asia,Country,NPL,Nepal,Year,2021,true,,,,,,,,,,,,,848,,,,,,848,,Value obtained from Licensed to Practice,EN,2024-05-20T07:00:00.000Z
HWF_0023,Traditional and Complementary Medicine Professionals  (number),numeric,SEAR,South-East Asia,Country,MDV,Maldives,Year,2020,true,,,,,,,,,,,,,1,,,,,,1,,,EN,2024-05-20T07:00:00.000Z
HWF_0023,Traditional and Complementary Medicine Professionals  (number),numeric,AMR,Americas,Country,BOL,Bolivia (Plurinational State of),Year,2020,false,,,,,,,,,,,,,17,,,,,,17,,Value obtained from Professionally Active,EN,2024-05-20T07:00:00.000Z
HWF_0023,Traditional and Complementary Medicine Professionals  (number),numeric,EUR,Europe,Country,ISR,Israel,Year,2020,false,,,,,,,,,,,,,1800,,,,,,1800,,,EN,2024-05-20T07:00:00.000Z
HWF_0023,Traditional and Complementary Medicine Professionals  (number),numeric,SEAR,South-East Asia,Country,BTN,Bhutan,Year,2020,false,,,,,,,,,,,,,243,,,,,,243,,,EN,2024-05-20T07:00:00.000Z
HWF_0023,Traditional and Complementary Medicine Professionals  (number),numeric,AFR,Africa,Country,CMR,Cameroon,Year,2020,false,,,,,,,,,,,,,3,,,,,,3,,,EN,2024-05-20T07:00:00.000Z
HWF_0023,Traditional and Complementary Medicine Professionals  (number),numeric,AFR,Africa,Country,GAB,Gabon,Year,2020,true,,,,,,,,,,,,,33,,,,,,33,,,EN,2024-05-20T07:00:00.000Z
HWF_0023,Traditional and Complementary Medicine Professionals  (number),numeric,WPR,Western Pacific,Country,AUS,Australia,Year,2020,true,,,,,,,,,,,,,4010,,,,,,4010,,,EN,2024-05-20T07:00:00.000Z
HWF_0023,Traditional and Complementary Medicine Professionals  (number),numeric,SEAR,South-East Asia,Country,BGD,Bangladesh,Year,2020,false,,,,,,,,,,,,,42131,,,,,,42 131,,,EN,2024-05-20T07:00:00.000Z
HWF_0023,Traditional and Complementary Medicine Professionals  (number),numeric,SEAR,South-East Asia,Country,IND,India,Year,2020,true,,,,,,,,,,,,,565781,,,,,,565 781,,,EN,2024-05-20T07:00:00.000Z
HWF_0023,Traditional and Complementary Medicine Professionals  (number),numeric,SEAR,South-East Asia,Country,IDN,Indonesia,Year,2020,false,,,,,,,,,,,,,595,,,,,,595,,,EN,2024-05-20T07:00:00.000Z
HWF_0023,Traditional and Complementary Medicine Professionals  (number),numeric,SEAR,South-East Asia,Country,NPL,Nepal,Year,2020,false,,,,,,,,,,,,,844,,,,,,844,,,EN,2024-05-20T07:00:00.000Z
HWF_0023,Traditional and Complementary Medicine Professionals  (number),numeric,AFR,Africa,Country,BFA,Burkina Faso,Year,2019,false,,,,,,,,,,,,,1,,,,,,1,,,EN,2024-05-20T07:00:00.000Z
HWF_0023,Traditional and Complementary Medicine Professionals  (number),numeric,SEAR,South-East Asia,Country,MDV,Maldives,Year,2019,false,,,,,,,,,,,,,1,,,,,,1,,,EN,2024-05-20T07:00:00.000Z
HWF_0023,Traditional and Complementary Medicine Professionals  (number),numeric,SEAR,South-East Asia,Country,MMR,Myanmar,Year,2019,true,,,,,,,,,,,,,1255,,,,,,1255,,,EN,2024-05-20T07:00:00.000Z
HWF_0023,Traditional and Complementary Medicine Professionals  (number),numeric,EUR,Europe,Country,ISR,Israel,Year,2019,false,,,,,,,,,,,,,1600,,,,,,1600,,,EN,2024-05-20T07:00:00.000Z
HWF_0023,Traditional and Complementary Medicine Professionals  (number),numeric,SEAR,South-East Asia,Country,BTN,Bhutan,Year,2019,false,,,,,,,,,,,,,187,,,,,,187,,,EN,2024-05-20T07:00:00.000Z
HWF_0023,Traditional and Complementary Medicine Professionals  (number),numeric,AFR,Africa,Country,NGA,Nigeria,Year,2019,true,,,,,,,,,,,,,32,,,,,,32,,,EN,2024-05-20T07:00:00.000Z
HWF_0023,Traditional and Complementary Medicine Professionals  (number),numeric,AFR,Africa,Country,GAB,Gabon,Year,2019,false,,,,,,,,,,,,,33,,,,,,33,,,EN,2024-05-20T07:00:00.000Z
HWF_0023,Traditional and Complementary Medicine Professionals  (number),numeric,WPR,Western Pacific,Country,AUS,Australia,Year,2019,false,,,,,,,,,,,,,4099,,,,,,4099,,,EN,2024-05-20T07:00:00.000Z
HWF_0023,Traditional and Complementary Medicine Professionals  (number),numeric,SEAR,South-East Asia,Country,IDN,Indonesia,Year,2019,false,,,,,,,,,,,,,439,,,,,,439,,,EN,2024-05-20T07:00:00.000Z
HWF_0023,Traditional and Complementary Medicine Professionals  (number),numeric,SEAR,South-East Asia,Country,NPL,Nepal,Year,2019,false,,,,,,,,,,,,,844,,,,,,844,,,EN,2024-05-20T07:00:00.000Z
HWF_0023,Traditional and Complementary Medicine Professionals  (number),numeric,SEAR,South-East Asia,Country,MMR,Myanmar,Year,2018,false,,,,,,,,,,,,,1068,,,,,,1068,,,EN,2024-05-20T07:00:00.000Z
HWF_0023,Traditional and Complementary Medicine Professionals  (number),numeric,EUR,Europe,Country,ISR,Israel,Year,2018,false,,,,,,,,,,,,,1100,,,,,,1100,,,EN,2024-05-20T07:00:00.000Z
HWF_0023,Traditional and Complementary Medicine Professionals  (number),numeric,AFR,Africa,Country,ZWE,Zimbabwe,Year,2018,true,,,,,,,,,,,,,1215,,,,,,1215,,,EN,2024-05-20T07:00:00.000Z
HWF_0023,Traditional and Complementary Medicine Professionals  (number),numeric,SEAR,South-East Asia,Country,BTN,Bhutan,Year,2018,false,,,,,,,,,,,,,171,,,,,,171,,Includes Drungtsho and Menpa,EN,2024-05-20T07:00:00.000Z
HWF_0023,Traditional and Complementary Medicine Professionals  (number),numeric,SEAR,South-East Asia,Country,NPL,Nepal,Year,2018,false,,,,,,,,,,,,,3651,,,,,,3651,,,EN,2024-05-20T07:00:00.000Z
HWF_0023,Traditional and Complementary Medicine Professionals  (number),numeric,SEAR,South-East Asia,Country,BGD,Bangladesh,Year,2018,false,,,,,,,,,,,,,37272,,,,,,37 272,,,EN,2024-05-20T07:00:00.000Z
HWF_0023,Traditional and Complementary Medicine Professionals  (number),numeric,WPR,Western Pacific,Country,AUS,Australia,Year,2018,false,,,,,,,,,,,,,4058,,,,,,4058,,,EN,2024-05-20T07:00:00.000Z
HWF_0023,Traditional and Complementary Medicine Professionals  (number),numeric,SEAR,South-East Asia,Country,IND,India,Year,2018,false,,,,,,,,,,,,,587660,,,,,,587 660,,,EN,2024-05-20T07:00:00.000Z
HWF_0023,Traditional and Complementary Medicine Professionals  (number),numeric,EUR,Europe,Country,GEO,Georgia,Year,2018,true,,,,,,,,,,,,,7,,,,,,7,,Source: Data provide by SoWN focal point,EN,2024-05-20T07:00:00.000Z
HWF_0023,Traditional and Complementary Medicine Professionals  (number),numeric,AFR,Africa,Country,BFA,Burkina Faso,Year,2017,false,,,,,,,,,,,,,336,,,,,,336,,,EN,2024-05-20T07:00:00.000Z
HWF_0023,Traditional and Complementary Medicine Professionals  (number),numeric,AMR,Americas,Country,BRA,Brazil,Year,2017,true,,,,,,,,,,,,,3839,,,,,,3839,,"Includes Traditional and Complementary Medicine Professionals.  Data Source: Estimated health workforce from Labour Force Survey, ILO 2018",EN,2024-05-20T07:00:00.000Z
HWF_0023,Traditional and Complementary Medicine Professionals  (number),numeric,WPR,Western Pacific,Country,AUS,Australia,Year,2017,false,,,,,,,,,,,,,4019,,,,,,4019,,,EN,2024-05-20T07:00:00.000Z
HWF_0023,Traditional and Complementary Medicine Professionals  (number),numeric,AFR,Africa,Country,ZAF,South Africa,Year,2017,false,,,,,,,,,,,,,49732,,,,,,49 732,,"Includes Traditional medicine practitioners.  Data Source: Estimated health workforce from Labour Force Survey, ILO 2018",EN,2024-05-20T07:00:00.000Z
HWF_0023,Traditional and Complementary Medicine Professionals  (number),numeric,SEAR,South-East Asia,Country,BTN,Bhutan,Year,2017,false,,,,,,,,,,,,,56,,,,,,56,,,EN,2024-05-20T07:00:00.000Z
HWF_0023,Traditional and Complementary Medicine Professionals  (number),numeric,AFR,Africa,Country,ZWE,Zimbabwe,Year,2017,false,,,,,,,,,,,,,596,,,,,,596,,,EN,2024-05-20T07:00:00.000Z
HWF_0023,Traditional and Complementary Medicine Professionals  (number),numeric,EUR,Europe,Country,ISR,Israel,Year,2017,false,,,,,,,,,,,,,600,,,,,,600,,,EN,2024-05-20T07:00:00.000Z
HWF_0023,Traditional and Complementary Medicine Professionals  (number),numeric,SEAR,South-East Asia,Country,NPL,Nepal,Year,2017,false,,,,,,,,,,,,,637,,,,,,637,,,EN,2024-05-20T07:00:00.000Z
HWF_0023,Traditional and Complementary Medicine Professionals  (number),numeric,AFR,Africa,Country,GAB,Gabon,Year,2017,false,,,,,,,,,,,,,99,,,,,,99,,,EN,2024-05-20T07:00:00.000Z
HWF_0023,Traditional and Complementary Medicine Professionals  (number),numeric,EUR,Europe,Country,PRT,Portugal,Year,2016,true,,,,,,,,,,,,,1354,,,,,,1354,,"Includes Traditional and Complementary Medicine Professionals.  Data Source: Estimated health workforce from Labour Force Survey, ILO 2018",EN,2024-05-20T07:00:00.000Z
HWF_0023,Traditional and Complementary Medicine Professionals  (number),numeric,AMR,Americas,Country,URY,Uruguay,Year,2016,true,,,,,,,,,,,,,137,,,,,,137,,"Includes Traditional and Complementary Medicine Professionals.  Data Source: Estimated health workforce from Labour Force Survey, ILO 2018",EN,2024-05-20T07:00:00.000Z
HWF_0023,Traditional and Complementary Medicine Professionals  (number),numeric,EUR,Europe,Country,DNK,Denmark,Year,2016,true,,,,,,,,,,,,,1562,,,,,,1562,,"Includes Traditional and Complementary Medicine Professionals.  Data Source: Estimated health workforce from Labour Force Survey, ILO 2018",EN,2024-05-20T07:00:00.000Z
HWF_0023,Traditional and Complementary Medicine Professionals  (number),numeric,SEAR,South-East Asia,Country,THA,Thailand,Year,2016,true,,,,,,,,,,,,,2113,,,,,,2113,,"Includes Traditional and Complementary Medicine Professionals.  Data Source: Estimated health workforce from Labour Force Survey, ILO 2018",EN,2024-05-20T07:00:00.000Z
HWF_0023,Traditional and Complementary Medicine Professionals  (number),numeric,WPR,Western Pacific,Country,SGP,Singapore,Year,2016,true,,,,,,,,,,,,,2868,,,,,,2868,,Includes Traditional and Complementary Medicine Professionals .,EN,2024-05-20T07:00:00.000Z
HWF_0023,Traditional and Complementary Medicine Professionals  (number),numeric,WPR,Western Pacific,Country,MNG,Mongolia,Year,2016,true,,,,,,,,,,,,,308,,,,,,308,,"Includes Traditional and Complementary Medicine Professionals.  Data Source: Estimated health workforce from Labour Force Survey, ILO 2018",EN,2024-05-20T07:00:00.000Z
HWF_0023,Traditional and Complementary Medicine Professionals  (number),numeric,EUR,Europe,Country,IRL,Ireland,Year,2016,true,,,,,,,,,,,,,341,,,,,,341,,"Includes Traditional and Complementary Medicine Professionals.  Data Source: Estimated health workforce from Labour Force Survey, ILO 2018",EN,2024-05-20T07:00:00.000Z
HWF_0023,Traditional and Complementary Medicine Professionals  (number),numeric,EMR,Eastern Mediterranean,Country,EGY,Egypt,Year,2016,true,,,,,,,,,,,,,3720,,,,,,3720,,"Includes Traditional and Complementary Medicine Professionals.  Data Source: Estimated health workforce from Labour Force Survey, ILO 2018",EN,2024-05-20T07:00:00.000Z
HWF_0023,Traditional and Complementary Medicine Professionals  (number),numeric,EUR,Europe,Country,ISR,Israel,Year,2016,false,,,,,,,,,,,,,500,,,,,,500,,,EN,2024-05-20T07:00:00.000Z
HWF_0023,Traditional and Complementary Medicine Professionals  (number),numeric,EUR,Europe,Country,ROU,Romania,Year,2016,true,,,,,,,,,,,,,529,,,,,,529,,"Includes Traditional and Complementary Medicine Professionals.  Data Source: Estimated health workforce from Labour Force Survey, ILO 2018",EN,2024-05-20T07:00:00.000Z
HWF_0023,Traditional and Complementary Medicine Professionals  (number),numeric,SEAR,South-East Asia,Country,BTN,Bhutan,Year,2016,false,,,,,,,,,,,,,54,,,,,,54,,Includes Traditional and Complementary Medicine Professionals .,EN,2024-05-20T07:00:00.000Z
HWF_0023,Traditional and Complementary Medicine Professionals  (number),numeric,EUR,Europe,Country,GRC,Greece,Year,2016,true,,,,,,,,,,,,,550,,,,,,550,,"Includes Traditional and Complementary Medicine Professionals.  Data Source: Estimated health workforce from Labour Force Survey, ILO 2018",EN,2024-05-20T07:00:00.000Z
HWF_0023,Traditional and Complementary Medicine Professionals  (number),numeric,EUR,Europe,Country,NLD,Netherlands (Kingdom of the),Year,2016,true,,,,,,,,,,,,,5554,,,,,,5554,,"Includes Traditional and Complementary Medicine Professionals.  Data Source: Estimated health workforce from Labour Force Survey, ILO 2018",EN,2024-05-20T07:00:00.000Z
HWF_0023,Traditional and Complementary Medicine Professionals  (number),numeric,EUR,Europe,Country,FRA,France,Year,2016,true,,,,,,,,,,,,,5653,,,,,,5653,,"Includes Traditional and Complementary Medicine Professionals.  Data Source: Estimated health workforce from Labour Force Survey, ILO 2018",EN,2024-05-20T07:00:00.000Z
HWF_0023,Traditional and Complementary Medicine Professionals  (number),numeric,EUR,Europe,Country,CHE,Switzerland,Year,2016,true,,,,,,,,,,,,,7693,,,,,,7693,,"Includes Traditional and Complementary Medicine Professionals.  Data Source: Estimated health workforce from Labour Force Survey, ILO 2018",EN,2024-05-20T07:00:00.000Z
HWF_0023,Traditional and Complementary Medicine Professionals  (number),numeric,SEAR,South-East Asia,Country,IND,India,Year,2016,false,,,,,,,,,,,,,771468,,,,,,771 468,,Includes Traditional and Complementary Medicine Professionals .,EN,2024-05-20T07:00:00.000Z
HWF_0023,Traditional and Complementary Medicine Professionals  (number),numeric,SEAR,South-East Asia,Country,BTN,Bhutan,Year,2015,false,,,,,,,,,,,,,147,,,,,,147,,Includes Traditional and Complementary Medicine Professionals .,EN,2024-05-20T07:00:00.000Z
HWF_0023,Traditional and Complementary Medicine Professionals  (number),numeric,AMR,Americas,Country,ECU,Ecuador,Year,2015,true,,,,,,,,,,,,,310,,,,,,310,,"Includes Traditional and Complementary Medicine Professionals.  Data Source: Estimated health workforce from Labour Force Survey, ILO 2018",EN,2024-05-20T07:00:00.000Z
HWF_0023,Traditional and Complementary Medicine Professionals  (number),numeric,SEAR,South-East Asia,Country,IDN,Indonesia,Year,2015,false,,,,,,,,,,,,,6,,,,,,6,,Includes Traditional and Complementary Medicine Professionals .,EN,2024-05-20T07:00:00.000Z
HWF_0023,Traditional and Complementary Medicine Professionals  (number),numeric,EMR,Eastern Mediterranean,Country,PAK,Pakistan,Year,2015,true,,,,,,,,,,,,,70797,,,,,,70 797,,"Includes Traditional and Complementary Medicine Professionals.  Data Source: Estimated health workforce from Labour Force Survey, ILO 2018",EN,2024-05-20T07:00:00.000Z
HWF_0023,Traditional and Complementary Medicine Professionals  (number),numeric,SEAR,South-East Asia,Country,MMR,Myanmar,Year,2015,false,,,,,,,,,,,,,8177,,,,,,8177,,"Includes Traditional and Complementary Medicine Professionals.  Data Source: Estimated health workforce from Labour Force Survey, ILO 2018",EN,2024-05-20T07:00:00.000Z
HWF_0023,Traditional and Complementary Medicine Professionals  (number),numeric,SEAR,South-East Asia,Country,BTN,Bhutan,Year,2014,false,,,,,,,,,,,,,136,,,,,,136,,Includes Traditional and Complementary Medicine Professionals .,EN,2024-05-20T07:00:00.000Z
HWF_0023,Traditional and Complementary Medicine Professionals  (number),numeric,AFR,Africa,Country,BEN,Benin,Year,2013,true,,,,,,,,,,,,,10200,,,,,,10 200,,"Includes Practitioner of traditional medicine and.  Data Source: Health workforce from census data. Minnesota Population Center. Integrated Public Use Microdata Series, International: Version 7.1. Minneapolis, MN: IPUMS, 2018. https://doi.org/10.18128/D020.V7.1",EN,2024-05-20T07:00:00.000Z
HWF_0023,Traditional and Complementary Medicine Professionals  (number),numeric,SEAR,South-East Asia,Country,BTN,Bhutan,Year,2013,false,,,,,,,,,,,,,117,,,,,,117,,Includes Traditional and Complementary Medicine Professionals .,EN,2024-05-20T07:00:00.000Z
HWF_0023,Traditional and Complementary Medicine Professionals  (number),numeric,WPR,Western Pacific,Country,SGP,Singapore,Year,2013,false,,,,,,,,,,,,,2155,,,,,,2155,,Includes Traditional and Complementary Medicine Professionals .,EN,2024-05-20T07:00:00.000Z
HWF_0023,Traditional and Complementary Medicine Professionals  (number),numeric,AFR,Africa,Country,NGA,Nigeria,Year,2013,false,,,,,,,,,,,,,262512,,,,,,262 512,,"Includes Traditional and Complementary Medicine Professionals.  Data Source: Estimated health workforce from Labour Force Survey, ILO 2018",EN,2024-05-20T07:00:00.000Z
HWF_0023,Traditional and Complementary Medicine Professionals  (number),numeric,WPR,Western Pacific,Country,KHM,Cambodia,Year,2013,true,,,,,,,,,,,,,317,,,,,,317,,"Includes Traditional and complementary medicine p.  Data Source: Health workforce from census data. Minnesota Population Center. Integrated Public Use Microdata Series, International: Version 7.1. Minneapolis, MN: IPUMS, 2018. https://doi.org/10.18128/D020.V7.1",EN,2024-05-20T07:00:00.000Z
HWF_0023,Traditional and Complementary Medicine Professionals  (number),numeric,AFR,Africa,Country,SEN,Senegal,Year,2013,true,,,,,,,,,,,,,32,,,,,,32,,"Includes Praticiens des mÃ©decines traditionnelle.  Data Source: Health workforce from census data. Minnesota Population Center. Integrated Public Use Microdata Series, International: Version 7.1. Minneapolis, MN: IPUMS, 2018. https://doi.org/10.18128/D020.V7.1",EN,2024-05-20T07:00:00.000Z
HWF_0023,Traditional and Complementary Medicine Professionals  (number),numeric,AFR,Africa,Country,GHA,Ghana,Year,2013,false,,,,,,,,,,,,,4166,,,,,,4166,,"Includes Traditional and Complementary Medicine Professionals.  Data Source: Estimated health workforce from Labour Force Survey, ILO 2018",EN,2024-05-20T07:00:00.000Z
HWF_0023,Traditional and Complementary Medicine Professionals  (number),numeric,WPR,Western Pacific,Country,SGP,Singapore,Year,2012,false,,,,,,,,,,,,,2133,,,,,,2133,,Includes Traditional and Complementary Medicine Professionals .,EN,2024-05-20T07:00:00.000Z
HWF_0023,Traditional and Complementary Medicine Professionals  (number),numeric,SEAR,South-East Asia,Country,MMR,Myanmar,Year,2012,false,,,,,,,,,,,,,6854,,,,,,6854,,Includes Traditional and Complementary Medicine Professionals .,EN,2024-05-20T07:00:00.000Z
HWF_0023,Traditional and Complementary Medicine Professionals  (number),numeric,SEAR,South-East Asia,Country,BTN,Bhutan,Year,2012,false,,,,,,,,,,,,,98,,,,,,98,,Includes Traditional and Complementary Medicine Professionals .,EN,2024-05-20T07:00:00.000Z
HWF_0023,Traditional and Complementary Medicine Professionals  (number),numeric,AFR,Africa,Country,MUS,Mauritius,Year,2011,true,,,,,,,,,,,,,17,,,,,,17,,"Includes Traditional and complementary medicine p, Naturopath, Homeopath.  Data Source: Health workforce from census data. Minnesota Population Center. Integrated Public Use Microdata Series, International: Version 7.1. Minneapolis, MN: IPUMS, 2018. https://doi.org/10.18128/D020.V7.1",EN,2024-05-20T07:00:00.000Z
HWF_0023,Traditional and Complementary Medicine Professionals  (number),numeric,EUR,Europe,Country,ROU,Romania,Year,2011,false,,,,,,,,,,,,,500,,,,,,500,,"Includes Traditional and complementary medicine p.  Data Source: Health workforce from census data. Minnesota Population Center. Integrated Public Use Microdata Series, International: Version 7.1. Minneapolis, MN: IPUMS, 2018. https://doi.org/10.18128/D020.V7.1",EN,2024-05-20T07:00:00.000Z
HWF_0023,Traditional and Complementary Medicine Professionals  (number),numeric,EUR,Europe,Country,PRT,Portugal,Year,2011,false,,,,,,,,,,,,,600,,,,,,600,,"Includes Traditional and complementary medicine p.  Data Source: Health workforce from census data. Minnesota Population Center. Integrated Public Use Microdata Series, International: Version 7.1. Minneapolis, MN: IPUMS, 2018. https://doi.org/10.18128/D020.V7.1",EN,2024-05-20T07:00:00.000Z
HWF_0023,Traditional and Complementary Medicine Professionals  (number),numeric,SEAR,South-East Asia,Country,IND,India,Year,2011,false,,,,,,,,,,,,,628634,,,,,,628 634,,Includes Traditional and Complementary Medicine Professionals .,EN,2024-05-20T07:00:00.000Z
HWF_0023,Traditional and Complementary Medicine Professionals  (number),numeric,SEAR,South-East Asia,Country,MMR,Myanmar,Year,2011,false,,,,,,,,,,,,,6752,,,,,,6752,,Includes Traditional and Complementary Medicine Professionals .,EN,2024-05-20T07:00:00.000Z
HWF_0023,Traditional and Complementary Medicine Professionals  (number),numeric,WPR,Western Pacific,Country,MYS,Malaysia,Year,2010,true,,,,,,,,,,,,,12226,,,,,,12 226,,Includes Traditional and Complementary Medicine Professionals .,EN,2024-05-20T07:00:00.000Z
HWF_0023,Traditional and Complementary Medicine Professionals  (number),numeric,AFR,Africa,Country,LBR,Liberia,Year,2010,true,,,,,,,,,,,,,243,,,,,,243,,Includes Traditional and Complementary Medicine Professionals .,EN,2024-05-20T07:00:00.000Z
HWF_0023,Traditional and Complementary Medicine Professionals  (number),numeric,AMR,Americas,Country,ECU,Ecuador,Year,2010,false,,,,,,,,,,,,,260,,,,,,260,,"Includes Traditional and complementary medicine p.  Data Source: Health workforce from census data. Minnesota Population Center. Integrated Public Use Microdata Series, International: Version 7.1. Minneapolis, MN: IPUMS, 2018. https://doi.org/10.18128/D020.V7.1",EN,2024-05-20T07:00:00.000Z
HWF_0023,Traditional and Complementary Medicine Professionals  (number),numeric,AMR,Americas,Country,BRA,Brazil,Year,2010,false,,,,,,,,,,,,,2670,,,,,,2670,,"Includes Traditional and complementary medicine p.  Data Source: Health workforce from census data. Minnesota Population Center. Integrated Public Use Microdata Series, International: Version 7.1. Minneapolis, MN: IPUMS, 2018. https://doi.org/10.18128/D020.V7.1",EN,2024-05-20T07:00:00.000Z
HWF_0023,Traditional and Complementary Medicine Professionals  (number),numeric,WPR,Western Pacific,Country,LAO,Lao People's Democratic Republic,Year,2010,true,,,,,,,,,,,,,3128,,,,,,3128,,"Includes Traditional and Complementary Medicine Professionals.  Data Source: Estimated health workforce from Labour Force Survey, ILO 2018",EN,2024-05-20T07:00:00.000Z
HWF_0023,Traditional and Complementary Medicine Professionals  (number),numeric,AMR,Americas,Country,MEX,Mexico,Year,2010,true,,,,,,,,,,,,,3788,,,,,,3788,,"Includes Specialists in traditional and alternati.  Data Source: Health workforce from census data. Minnesota Population Center. Integrated Public Use Microdata Series, International: Version 7.1. Minneapolis, MN: IPUMS, 2018. https://doi.org/10.18128/D020.V7.1",EN,2024-05-20T07:00:00.000Z
HWF_0023,Traditional and Complementary Medicine Professionals  (number),numeric,SEAR,South-East Asia,Country,MMR,Myanmar,Year,2010,false,,,,,,,,,,,,,6627,,,,,,6627,,Includes Traditional and Complementary Medicine Professionals .,EN,2024-05-20T07:00:00.000Z
HWF_0023,Traditional and Complementary Medicine Professionals  (number),numeric,SEAR,South-East Asia,Country,IND,India,Year,2010,false,,,,,,,,,,,,,712121,,,,,,712 121,,Includes Traditional and Complementary Medicine Professionals .,EN,2024-05-20T07:00:00.000Z
HWF_0023,Traditional and Complementary Medicine Professionals  (number),numeric,SEAR,South-East Asia,Country,BGD,Bangladesh,Year,2010,false,,,,,,,,,,,,,7707,,,,,,7707,,"Includes Traditional medicine practitioners.  Data Source: Estimated health workforce from Labour Force Survey, ILO 2018",EN,2024-05-20T07:00:00.000Z
HWF_0023,Traditional and Complementary Medicine Professionals  (number),numeric,WPR,Western Pacific,Country,VNM,Viet Nam,Year,2009,true,,,,,,,,,,,,,12948,,,,,,12 948,,"Includes Traditional medicine and aid medicine pr, Traditional medicine practitioners and r.  Data Source: Health workforce from census data. Minnesota Population Center. Integrated Public Use Microdata Series, International: Version 7.1. Minneapolis, MN: IPUMS, 2018. https://doi.org/10.18128/D020.V7.1",EN,2024-05-20T07:00:00.000Z
HWF_0023,Traditional and Complementary Medicine Professionals  (number),numeric,WPR,Western Pacific,Country,KOR,Republic of Korea,Year,2009,true,,,,,,,,,,,,,18401,,,,,,18 401,,Includes Traditional and Complementary Medicine Professionals .,EN,2024-05-20T07:00:00.000Z
HWF_0023,Traditional and Complementary Medicine Professionals  (number),numeric,AFR,Africa,Country,NGA,Nigeria,Year,2009,false,,,,,,,,,,,,,21302,,,,,,21 302,,"Includes Traditional and complementary medicine p.  Data Source: Health workforce from census data. Minnesota Population Center. Integrated Public Use Microdata Series, International: Version 7.1. Minneapolis, MN: IPUMS, 2018. https://doi.org/10.18128/D020.V7.1",EN,2024-05-20T07:00:00.000Z
HWF_0023,Traditional and Complementary Medicine Professionals  (number),numeric,SEAR,South-East Asia,Country,MMR,Myanmar,Year,2009,false,,,,,,,,,,,,,6627,,,,,,6627,,Includes Traditional and Complementary Medicine Professionals .,EN,2024-05-20T07:00:00.000Z
HWF_0023,Traditional and Complementary Medicine Professionals  (number),numeric,SEAR,South-East Asia,Country,IND,India,Year,2009,false,,,,,,,,,,,,,752254,,,,,,752 254,,Includes Traditional and Complementary Medicine Professionals .,EN,2024-05-20T07:00:00.000Z
HWF_0023,Traditional and Complementary Medicine Professionals  (number),numeric,WPR,Western Pacific,Country,KOR,Republic of Korea,Year,2008,false,,,,,,,,,,,,,17541,,,,,,17 541,,Includes Traditional and Complementary Medicine Professionals .,EN,2024-05-20T07:00:00.000Z
HWF_0023,Traditional and Complementary Medicine Professionals  (number),numeric,WPR,Western Pacific,Country,KHM,Cambodia,Year,2008,false,,,,,,,,,,,,,60,,,,,,60,,"Includes Traditional and complementary medicine p.  Data Source: Health workforce from census data. Minnesota Population Center. Integrated Public Use Microdata Series, International: Version 7.1. Minneapolis, MN: IPUMS, 2018. https://doi.org/10.18128/D020.V7.1",EN,2024-05-20T07:00:00.000Z
HWF_0023,Traditional and Complementary Medicine Professionals  (number),numeric,AFR,Africa,Country,NGA,Nigeria,Year,2008,false,,,,,,,,,,,,,63431,,,,,,63 431,,"Includes Traditional and complementary medicine p.  Data Source: Health workforce from census data. Minnesota Population Center. Integrated Public Use Microdata Series, International: Version 7.1. Minneapolis, MN: IPUMS, 2018. https://doi.org/10.18128/D020.V7.1",EN,2024-05-20T07:00:00.000Z
HWF_0023,Traditional and Complementary Medicine Professionals  (number),numeric,SEAR,South-East Asia,Country,IND,India,Year,2008,false,,,,,,,,,,,,,753936,,,,,,753 936,,Includes Traditional and Complementary Medicine Professionals .,EN,2024-05-20T07:00:00.000Z
HWF_0023,Traditional and Complementary Medicine Professionals  (number),numeric,SEAR,South-East Asia,Country,BTN,Bhutan,Year,2008,false,,,,,,,,,,,,,90,,,,,,90,,Includes Traditional and Complementary Medicine Professionals .,EN,2024-05-20T07:00:00.000Z
HWF_0023,Traditional and Complementary Medicine Professionals  (number),numeric,SEAR,South-East Asia,Country,MMR,Myanmar,Year,2008,false,,,,,,,,,,,,,950,,,,,,950,,Includes Traditional and Complementary Medicine Professionals .,EN,2024-05-20T07:00:00.000Z
HWF_0023,Traditional and Complementary Medicine Professionals  (number),numeric,AFR,Africa,Country,NGA,Nigeria,Year,2007,false,,,,,,,,,,,,,10,,,,,,10,,Includes Traditional and Complementary Medicine Professionals .,EN,2024-05-20T07:00:00.000Z
HWF_0023,Traditional and Complementary Medicine Professionals  (number),numeric,AMR,Americas,Country,SLV,El Salvador,Year,2007,true,,,,,,,,,,,,,150,,,,,,150,,"Includes Traditional medicine practitioners and f.  Data Source: Health workforce from census data. Minnesota Population Center. Integrated Public Use Microdata Series, International: Version 7.1. Minneapolis, MN: IPUMS, 2018. https://doi.org/10.18128/D020.V7.1",EN,2024-05-20T07:00:00.000Z
HWF_0023,Traditional and Complementary Medicine Professionals  (number),numeric,AMR,Americas,Country,PER,Peru,Year,2007,true,,,,,,,,,,,,,1510,,,,,,1510,,"Includes Traditional medicine practitioners.  Data Source: Health workforce from census data. Minnesota Population Center. Integrated Public Use Microdata Series, International: Version 7.1. Minneapolis, MN: IPUMS, 2018. https://doi.org/10.18128/D020.V7.1",EN,2024-05-20T07:00:00.000Z
HWF_0023,Traditional and Complementary Medicine Professionals  (number),numeric,WPR,Western Pacific,Country,KOR,Republic of Korea,Year,2007,false,,,,,,,,,,,,,16732,,,,,,16 732,,Includes Traditional and Complementary Medicine Professionals .,EN,2024-05-20T07:00:00.000Z
HWF_0023,Traditional and Complementary Medicine Professionals  (number),numeric,EUR,Europe,Country,FRA,France,Year,2007,false,,,,,,,,,,,,,1705,,,,,,1705,,Includes Traditional and Complementary Medicine Professionals .,EN,2024-05-20T07:00:00.000Z
HWF_0023,Traditional and Complementary Medicine Professionals  (number),numeric,SEAR,South-East Asia,Country,BTN,Bhutan,Year,2007,false,,,,,,,,,,,,,72,,,,,,72,,Includes Traditional and Complementary Medicine Professionals .,EN,2024-05-20T07:00:00.000Z
HWF_0023,Traditional and Complementary Medicine Professionals  (number),numeric,SEAR,South-East Asia,Country,IND,India,Year,2007,false,,,,,,,,,,,,,724680,,,,,,724 680,,Includes Traditional and Complementary Medicine Professionals .,EN,2024-05-20T07:00:00.000Z
HWF_0023,Traditional and Complementary Medicine Professionals  (number),numeric,SEAR,South-East Asia,Country,MMR,Myanmar,Year,2007,false,,,,,,,,,,,,,945,,,,,,945,,Includes Traditional and Complementary Medicine Professionals .,EN,2024-05-20T07:00:00.000Z
HWF_0023,Traditional and Complementary Medicine Professionals  (number),numeric,EMR,Eastern Mediterranean,Country,IRN,Iran (Islamic Republic of),Year,2006,true,,,,,,,,,,,,,1007,,,,,,1007,,"Includes Traditional medicine practitioners and f.  Data Source: Health workforce from census data. Minnesota Population Center. Integrated Public Use Microdata Series, International: Version 7.1. Minneapolis, MN: IPUMS, 2018. https://doi.org/10.18128/D020.V7.1",EN,2024-05-20T07:00:00.000Z
HWF_0023,Traditional and Complementary Medicine Professionals  (number),numeric,WPR,Western Pacific,Country,KOR,Republic of Korea,Year,2006,false,,,,,,,,,,,,,15918,,,,,,15 918,,Includes Traditional and Complementary Medicine Professionals .,EN,2024-05-20T07:00:00.000Z
HWF_0023,Traditional and Complementary Medicine Professionals  (number),numeric,AMR,Americas,Country,URY,Uruguay,Year,2006,false,,,,,,,,,,,,,411,,,,,,411,,"Includes Traditional medicine practitioners and f.  Data Source: Health workforce from census data. Minnesota Population Center. Integrated Public Use Microdata Series, International: Version 7.1. Minneapolis, MN: IPUMS, 2018. https://doi.org/10.18128/D020.V7.1",EN,2024-05-20T07:00:00.000Z
HWF_0023,Traditional and Complementary Medicine Professionals  (number),numeric,SEAR,South-East Asia,Country,IND,India,Year,2006,false,,,,,,,,,,,,,713143,,,,,,713 143,,Includes Traditional and Complementary Medicine Professionals .,EN,2024-05-20T07:00:00.000Z
HWF_0023,Traditional and Complementary Medicine Professionals  (number),numeric,SEAR,South-East Asia,Country,MMR,Myanmar,Year,2006,false,,,,,,,,,,,,,889,,,,,,889,,Includes Traditional and Complementary Medicine Professionals .,EN,2024-05-20T07:00:00.000Z
HWF_0023,Traditional and Complementary Medicine Professionals  (number),numeric,WPR,Western Pacific,Country,KOR,Republic of Korea,Year,2005,false,,,,,,,,,,,,,15271,,,,,,15 271,,Includes Traditional and Complementary Medicine Professionals .,EN,2024-05-20T07:00:00.000Z
HWF_0023,Traditional and Complementary Medicine Professionals  (number),numeric,AFR,Africa,Country,UGA,Uganda,Year,2005,true,,,,,,,,,,,,,5430,,,,,,5430,,Includes Traditional and Complementary Medicine Professionals .,EN,2024-05-20T07:00:00.000Z
HWF_0023,Traditional and Complementary Medicine Professionals  (number),numeric,SEAR,South-East Asia,Country,IND,India,Year,2005,false,,,,,,,,,,,,,717860,,,,,,717 860,,Includes Traditional and Complementary Medicine Professionals .,EN,2024-05-20T07:00:00.000Z
HWF_0023,Traditional and Complementary Medicine Professionals  (number),numeric,SEAR,South-East Asia,Country,MMR,Myanmar,Year,2005,false,,,,,,,,,,,,,819,,,,,,819,,Includes Traditional and Complementary Medicine Professionals .,EN,2024-05-20T07:00:00.000Z
HWF_0023,Traditional and Complementary Medicine Professionals  (number),numeric,EMR,Eastern Mediterranean,Country,JOR,Jordan,Year,2004,true,,,,,,,,,,,,,1000,,,,,,1000,,Includes Traditional and Complementary Medicine Professionals .,EN,2024-05-20T07:00:00.000Z
HWF_0023,Traditional and Complementary Medicine Professionals  (number),numeric,SEAR,South-East Asia,Country,NPL,Nepal,Year,2004,false,,,,,,,,,,,,,1039,,,,,,1039,,Includes Traditional and Complementary Medicine Professionals .,EN,2024-05-20T07:00:00.000Z
HWF_0023,Traditional and Complementary Medicine Professionals  (number),numeric,WPR,Western Pacific,Country,KOR,Republic of Korea,Year,2004,false,,,,,,,,,,,,,15406,,,,,,15 406,,Includes Traditional and Complementary Medicine Professionals .,EN,2024-05-20T07:00:00.000Z
HWF_0023,Traditional and Complementary Medicine Professionals  (number),numeric,SEAR,South-East Asia,Country,MMR,Myanmar,Year,2004,false,,,,,,,,,,,,,5238,,,,,,5238,,Includes Traditional and Complementary Medicine Professionals .,EN,2024-05-20T07:00:00.000Z
HWF_0023,Traditional and Complementary Medicine Professionals  (number),numeric,SEAR,South-East Asia,Country,BTN,Bhutan,Year,2004,false,,,,,,,,,,,,,59,,,,,,59,,Includes Traditional and Complementary Medicine Professionals .,EN,2024-05-20T07:00:00.000Z
HWF_0023,Traditional and Complementary Medicine Professionals  (number),numeric,SEAR,South-East Asia,Country,IND,India,Year,2004,false,,,,,,,,,,,,,699351,,,,,,699 351,,Includes Traditional and Complementary Medicine Professionals .,EN,2024-05-20T07:00:00.000Z
HWF_0023,Traditional and Complementary Medicine Professionals  (number),numeric,AFR,Africa,Country,ZAF,South Africa,Year,2004,false,,,,,,,,,,,,,9160,,,,,,9160,,Includes Traditional and Complementary Medicine Professionals .,EN,2024-05-20T07:00:00.000Z
HWF_0023,Traditional and Complementary Medicine Professionals  (number),numeric,SEAR,South-East Asia,Country,IND,India,Year,2003,false,,,,,,,,,,,,,694492,,,,,,694 492,,Includes Traditional and Complementary Medicine Professionals .,EN,2024-05-20T07:00:00.000Z
HWF_0023,Traditional and Complementary Medicine Professionals  (number),numeric,AMR,Americas,Country,BOL,Bolivia (Plurinational State of),Year,2001,false,,,,,,,,,,,,,1006,,,,,,1006,,Includes Traditional and Complementary Medicine Professionals .,EN,2024-05-20T07:00:00.000Z
HWF_0023,Traditional and Complementary Medicine Professionals  (number),numeric,WPR,Western Pacific,Country,AUS,Australia,Year,2001,false,,,,,,,,,,,,,3812,,,,,,3812,,Includes Traditional and Complementary Medicine Professionals .,EN,2024-05-20T07:00:00.000Z
HWF_0023,Traditional and Complementary Medicine Professionals  (number),numeric,EUR,Europe,Country,EST,Estonia,Year,2000,true,,,,,,,,,,,,,44,,,,,,44,,Includes Traditional and Complementary Medicine Professionals .,EN,2024-05-20T07:00:00.000Z
HWF_0023,Traditional and Complementary Medicine Professionals  (number),numeric,AMR,Americas,Country,CHL,Chile,Year,1992,true,,,,,,,,,,,,,280,,,,,,280,,Includes Traditional and Complementary Medicine Professionals .,EN,2024-05-20T07:00:00.000Z
HWF_0023,Traditional and Complementary Medicine Professionals  (number),numeric,SEAR,South-East Asia,Country,IND,India,Year,1991,false,,,,,,,,,,,,,136413,,,,,,136 413,,Includes Traditional and Complementary Medicine Professionals .,EN,2024-05-20T07:00:00.000Z
HWF_0023,Traditional and Complementary Medicine Professionals  (number),numeric,SEAR,South-East Asia,Country,MMR,Myanmar,Year,1988,false,,,,,,,,,,,,,290,,,,,,290,,Includes Traditional and Complementary Medicine Professionals .,EN,2024-05-20T07:00:00.000Z
